STATEFP,COUNTYFP,COUSUBFP,COUSUBNS,Simulation_ID,GEOIDFQ,Simulation_Name,NAMELSAD,LSAD,CLASSFP,MTFCC,FUNCSTAT,ALAND,AWATER,INTPTLAT,INTPTLON,Sqkm,Beltline Score
13,097,91146,01936261,1309791146,0600000US1309791146,Fairplay,Fairplay CCD,22,Z5,G4040,S,112228132,227203,+33.6261912,-084.8514901,112.4752141929417,0.1
13,079,93480,01936665,1307993480,0600000US1307993480,Zenith,Zenith CCD,22,Z5,G4040,S,454511625,2527881,+32.6589353,-083.9336969,457.6122206419984,0.1
13,219,91050,01936245,1321991050,0600000US1321991050,Elder,Elder CCD,22,Z5,G4040,S,122479123,1249172,+33.7741025,-083.3362460,123.97996588277856,0.1
13,139,92250,01936449,1313992250,0600000US1313992250,Oakwood,Oakwood CCD,22,Z5,G4040,S,43218218,5401997,+34.2310798,-083.8950696,48.67939909299912,0.1
13,139,91836,01936377,1313991836,0600000US1313991836,Lula,Lula CCD,22,Z5,G4040,S,171928291,2478221,+34.3692658,-083.6850088,174.66641893349768,0.1
13,139,90690,01936183,1313990690,0600000US1313990690,Clermont,Clermont CCD,22,Z5,G4040,S,227663987,7259257,+34.4341853,-083.7813422,235.2413646168217,0.1
13,021,91891,02583413,1302191891,0600000US1302191891,Macon East,Macon East CCD,22,Z5,G4040,S,118455060,2158170,+32.8230441,-083.5621842,120.82359673577213,0.1
13,021,91892,02583414,1302191892,0600000US1302191892,Macon West,Macon West CCD,22,Z5,G4040,S,215961526,3049007,+32.8448387,-083.6894016,219.3539573184422,0.1
13,035,93438,02583415,1303593438,0600000US1303593438,Worthville,Worthville CCD,22,Z5,G4040,S,83260735,4532750,+33.3910548,-083.9356679,87.90059182992387,0.1
13,035,92822,01936595,1303592822,0600000US1303592822,Southwest Butts,Southwest Butts CCD,22,Z5,G4040,S,91037591,733416,+33.2371733,-084.0481560,91.86845086302519,0.1
13,087,92104,01936460,1308792104,0600000US1308792104,Mount Pleasant,Mount Pleasant CCD,22,Z5,G4040,S,216124396,2592948,+31.0015738,-084.4571653,218.86031364575553,0.1
13,127,91599,02583412,1312791599,0600000US1312791599,Jekyll Island,Jekyll Island CCD,22,Z5,G4040,S,86294841,158019076,+31.0637103,-081.4187305,245.8319651765286,0.1
13,219,90324,01936120,1321990324,0600000US1321990324,Bogart,Bogart CCD,22,Z5,G4040,S,110367815,1202362,+33.9049980,-083.5483216,111.76098243927477,0.1
13,219,93282,01936631,1321993282,0600000US1321993282,Watkinsville,Watkinsville CCD,22,Z5,G4040,S,244614856,2794649,+33.8341247,-083.4377284,247.87643672922619,0.1
13,049,92646,01936520,1304992646,0600000US1304992646,St. George,St. George CCD,22,Z5,G4040,S,785637161,1438094,+30.5779012,-082.1042465,790.7233547174967,0.1
13,115,90126,01936085,1311590126,0600000US1311590126,Armuchee,Armuchee CCD,22,Z5,G4040,S,245836216,3167548,+34.4191990,-085.1474537,248.9824117929256,0.1
13,067,91926,01936393,1306791926,0600000US1306791926,Marietta,Marietta CCD,22,Z5,G4040,S,123188804,608172,+33.9614853,-084.5353370,123.85629049093411,0.1
13,245,90168,01936093,1324590168,0600000US1324590168,Augusta,Augusta CCD,22,Z5,G4040,S,244867307,6186734,+33.4443906,-082.0220961,252.18170698110617,0.1
13,115,92586,01936509,1311592586,0600000US1311592586,Rome,Rome CCD,22,Z5,G4040,S,687797968,13712668,+34.2310494,-085.2252327,701.4212913365179,0.1
13,233,90600,01936168,1323390600,0600000US1323390600,Cedartown,Cedartown CCD,22,Z5,G4040,S,481822047,1753930,+33.9919315,-085.2751334,483.49234448048895,0.1
13,241,90684,01936182,1324190684,0600000US1324190684,Clayton,Clayton CCD,22,Z5,G4040,S,409546157,2181118,+34.9442570,-083.2380296,412.5247012268043,0.1
13,283,91290,01936285,1328391290,0600000US1328391290,Gillis Springs,Gillis Springs CCD,22,Z5,G4040,S,237080887,3872736,+32.4516785,-082.5163819,241.81971527560444,0.1
13,285,91506,01936321,1328591506,0600000US1328591506,Hogansville,Hogansville CCD,22,Z5,G4040,S,172039281,1143192,+33.1556171,-084.9355042,173.20308307291114,0.1
13,047,90360,01936126,1304790360,0600000US1304790360,Boynton Ridge,Boynton Ridge CCD,22,Z5,G4040,S,81377171,294679,+34.9185211,-085.2018522,81.6607876697152,0.1
13,047,92526,01936498,1304792526,0600000US1304792526,Ringgold,Ringgold CCD,22,Z5,G4040,S,147566648,399195,+34.8843708,-085.1471320,147.9521554722704,0.1
13,047,90582,01936165,1304790582,0600000US1304790582,Catoosa Springs,Catoosa Springs CCD,22,Z5,G4040,S,145113404,44712,+34.9096556,-085.0603848,145.15425100812715,0.1
13,013,93390,01936650,1301393390,0600000US1301393390,Winder,Winder CCD,22,Z5,G4040,S,118296193,2323009,+34.0130648,-083.7116800,120.79779749701736,0.1
13,099,90294,01936115,1309990294,0600000US1309990294,Blakely,Blakely CCD,22,Z5,G4040,S,644329166,5216432,+31.3853382,-084.9493497,649.6401985515535,0.1
13,099,91584,01936334,1309991584,0600000US1309991584,Jakin,Jakin CCD,22,Z5,G4040,S,340970567,3670838,+31.1995791,-084.9937511,344.6737267384639,0.1
13,107,92916,01936568,1310792916,0600000US1310792916,Swainsboro,Swainsboro CCD,22,Z5,G4040,S,583070496,7410785,+32.5830932,-082.3483014,592.7878663966733,0.1
13,107,92238,01936447,1310792238,0600000US1310792238,Oak Park,Oak Park CCD,22,Z5,G4040,S,147477128,2143302,+32.3508244,-082.3230546,150.21498761568805,0.1
13,149,91248,01936278,1314991248,0600000US1314991248,Franklin,Franklin CCD,22,Z5,G4040,S,229896541,5358730,+33.2638065,-085.0158730,235.26267318134228,0.1
13,149,92988,01936580,1314992988,0600000US1314992988,Texas,Texas CCD,22,Z5,G4040,S,297832615,4353947,+33.2405489,-085.1742254,302.1583464768782,0.1
13,171,92028,01936410,1317192028,0600000US1317192028,Milner,Milner CCD,22,Z5,G4040,S,196657155,2732074,+33.1421091,-084.1511214,199.57706785947136,0.1
13,007,92160,01936433,1300792160,0600000US1300792160,Newton,Newton CCD,22,Z5,G4040,S,470625163,14131168,+31.3322322,-084.3614663,485.1236866331109,0.1
13,017,91176,01936266,1301791176,0600000US1301791176,Fitzgerald,Fitzgerald CCD,22,Z5,G4040,S,414658070,6885661,+31.7407715,-083.1471970,422.58938702189414,0.1
13,017,92433,01936366,1301792433,0600000US1301792433,Queensland,Queensland CCD,22,Z5,G4040,S,233144634,2928137,+31.7996043,-083.3416086,236.58410978227775,0.1
13,109,92204,01936156,1310992204,0600000US1310992204,North Evans,North Evans CCD,22,Z5,G4040,S,185470793,3990656,+32.2164383,-081.9142149,190.38626028671348,0.1
13,109,90678,01936181,1310990678,0600000US1310990678,Claxton,Claxton CCD,22,Z5,G4040,S,288219419,6309149,+32.1171997,-081.8573511,295.99945193763824,0.1
13,111,91872,01936383,1311191872,0600000US1311191872,McCaysville,McCaysville CCD,22,Z5,G4040,S,97900598,723780,+34.9495478,-084.3528534,98.68725665086377,0.1
13,111,90306,01936117,1311190306,0600000US1311190306,Blue Ridge,Blue Ridge CCD,22,Z5,G4040,S,114495166,5680980,+34.8629431,-084.3316568,120.25584304013199,0.1
13,111,92082,01936419,1311192082,0600000US1311192082,Morganton,Morganton CCD,22,Z5,G4040,S,397004085,6806087,+34.7885625,-084.1949508,404.1449181324589,0.1
13,211,90336,01936122,1321190336,0600000US1321190336,Bostwick,Bostwick CCD,22,Z5,G4040,S,178233468,1867630,+33.7211631,-083.4880238,180.4279981031389,0.1
13,211,91314,01936289,1321191314,0600000US1321191314,Godfrey,Godfrey CCD,22,Z5,G4040,S,182853501,2594733,+33.4823497,-083.5336477,185.7766423376681,0.1
13,211,91902,01936388,1321191902,0600000US1321191902,Madison,Madison CCD,22,Z5,G4040,S,195134467,2798873,+33.5979773,-083.4742141,198.2982446045645,0.1
13,211,92640,01936519,1321192640,0600000US1321192640,Rutledge,Rutledge CCD,22,Z5,G4040,S,184514333,2706569,+33.6085287,-083.6118489,187.52961669367778,0.1
13,251,92022,01936409,1325192022,0600000US1325192022,Millhaven,Millhaven CCD,22,Z5,G4040,S,336211156,6568805,+32.9183943,-081.5469212,344.70984199628856,0.1
13,251,92934,01936571,1325192934,0600000US1325192934,Sylvania,Sylvania CCD,22,Z5,G4040,S,538708914,7735283,+32.7442607,-081.5991030,549.464143251933,0.1
13,251,92580,01936508,1325192580,0600000US1325192580,Rocky Ford,Rocky Ford CCD,22,Z5,G4040,S,273141358,4729740,+32.6687257,-081.7329238,279.3199994221736,0.1
13,281,91458,01936313,1328191458,0600000US1328191458,Hiawassee,Hiawassee CCD,22,Z5,G4040,S,159948854,7801074,+34.9594410,-083.6501995,167.9996925687763,0.1
13,159,91476,01936316,1315991476,0600000US1315991476,Hillsboro,Hillsboro CCD,22,Z5,G4040,S,347816451,2815670,+33.2059743,-083.6897701,351.1761790132347,0.1
13,159,92730,01936534,1315992730,0600000US1315992730,Shady Dale,Shady Dale CCD,22,Z5,G4040,S,197415229,1604231,+33.4173006,-083.6219248,199.34791119444577,0.1
13,173,91680,01936350,1317391680,0600000US1317391680,Lakeland,Lakeland CCD,22,Z5,G4040,S,275693432,5622801,+31.0393583,-083.1082604,282.04894816282535,0.1
13,185,91392,01936302,1318591392,0600000US1318591392,Hahira,Hahira CCD,22,Z5,G4040,S,240453899,5319846,+30.9563673,-083.3688342,246.30886767669415,0.1
13,185,93168,01936611,1318593168,0600000US1318593168,Valdosta,Valdosta CCD,22,Z5,G4040,S,487870866,15278169,+30.7755221,-083.3336000,504.2828964735275,0.1
13,185,92136,01936428,1318592136,0600000US1318592136,Naylor,Naylor CCD,22,Z5,G4040,S,262947856,2718232,+30.8655662,-083.1347005,266.35159505805166,0.1
13,185,90228,01936103,1318590228,0600000US1318590228,Barretts,Barretts CCD,22,Z5,G4040,S,139629723,1577832,+30.9673796,-083.2236939,141.5470995456038,0.1
13,281,93468,01936663,1328193468,0600000US1328193468,Young Harris,Young Harris CCD,22,Z5,G4040,S,81917027,1380699,+34.9465664,-083.8741014,83.39898921021062,0.1
13,309,90048,01936071,1330990048,0600000US1330990048,Alamo,Alamo CCD,22,Z5,G4040,S,334614685,4206855,+32.1134980,-082.8034103,339.8665009151729,0.1
13,223,90858,01936212,1322390858,0600000US1322390858,Dallas,Dallas CCD,22,Z5,G4040,S,136533739,1097845,+33.9291707,-084.8142483,137.65965259117309,0.1
13,223,92210,01936326,1322392210,0600000US1322392210,North Paulding,North Paulding CCD,22,Z5,G4040,S,259232493,1589952,+34.0205626,-084.8395329,260.8689825804181,0.1
13,223,91494,01936319,1322391494,0600000US1322391494,Hiram,Hiram CCD,22,Z5,G4040,S,165978564,1563876,+33.8285854,-084.8043479,167.57907097640833,0.1
13,239,91278,01936283,1323991278,0600000US1323991278,Georgetown South,Georgetown South CCD,22,Z5,G4040,S,152115596,12752369,+31.8175770,-085.0329569,164.8755817511974,0.1
13,267,92478,01936489,1326792478,0600000US1326792478,Reidsville,Reidsville CCD,22,Z5,G4040,S,433947026,7548666,+32.0429115,-082.1128678,443.46237233044803,0.1
13,267,90738,01936192,1326790738,0600000US1326790738,Collins,Collins CCD,22,Z5,G4040,S,266397188,5117815,+32.2310142,-082.1225587,272.71587987873113,0.1
13,279,90591,01936592,1327990591,0600000US1327990591,Cedar Crossing,Cedar Crossing CCD,22,Z5,G4040,S,363832056,9253501,+32.0155837,-082.3447063,374.5700853864769,0.1
13,279,93192,01936616,1327993192,0600000US1327993192,Vidalia-Lyons,Vidalia-Lyons CCD,22,Z5,G4040,S,578962558,8816870,+32.1897272,-082.3236463,590.1338303793423,0.1
13,321,92412,01936477,1332192412,0600000US1332192412,Poulan,Poulan CCD,22,Z5,G4040,S,440513315,1985600,+31.4797339,-083.7398355,443.1962246596026,0.1
13,129,91134,01936259,1312991134,0600000US1312991134,Fairmount,Fairmount CCD,22,Z5,G4040,S,161996905,363497,+34.4403001,-084.7645992,162.39907409991352,0.1
13,321,92940,01936572,1332192940,0600000US1332192940,Sylvester,Sylvester CCD,22,Z5,G4040,S,327697763,992718,+31.5289486,-083.8942530,329.1295278462049,0.1
13,015,90024,01936067,1301590024,0600000US1301590024,Adairsville,Adairsville CCD,22,Z5,G4040,S,175816065,285285,+34.3422483,-084.9181558,176.11962004194936,0.1
13,015,91104,01936254,1301591104,0600000US1301591104,Euharlee-Taylorsville,Euharlee-Taylorsville CCD,22,Z5,G4040,S,177427976,2440174,+34.1342856,-084.9732052,179.87855786570924,0.1
13,015,91080,01936250,1301591080,0600000US1301591080,Emerson,Emerson CCD,22,Z5,G4040,S,110519738,14320945,+34.1059145,-084.7345168,124.87457935102826,0.1
13,015,93360,01936645,1301593360,0600000US1301593360,White-Pine Log,White-Pine Log CCD,22,Z5,G4040,S,313617877,470928,+34.3204063,-084.7342362,314.17306174530705,0.1
13,027,90234,01936104,1302790234,0600000US1302790234,Barwick-Pavo,Barwick-Pavo CCD,22,Z5,G4040,S,258036725,3106734,+30.9509090,-083.6820015,261.58649001363955,0.1
13,027,92436,01936481,1302792436,0600000US1302792436,Quitman,Quitman CCD,22,Z5,G4040,S,241273190,2472504,+30.8143554,-083.5569616,244.20548231355136,0.1
13,321,90384,01936130,1332190384,0600000US1332190384,Bridgeboro,Bridgeboro CCD,22,Z5,G4040,S,258779992,1944561,+31.3823394,-083.8902049,261.07864236916924,0.1
13,321,93270,01936629,1332193270,0600000US1332193270,Warwick,Warwick CCD,22,Z5,G4040,S,451092957,5602485,+31.7276690,-083.9217225,457.3005778918107,0.1
13,015,90570,01936163,1301590570,0600000US1301590570,Cartersville,Cartersville CCD,22,Z5,G4040,S,253419908,9104268,+34.1838069,-084.8034832,262.5800278913032,0.1
13,143,92958,01936575,1314392958,0600000US1314392958,Tallapoosa,Tallapoosa CCD,22,Z5,G4040,S,279949368,519262,+33.8001731,-085.3054291,280.4141884607483,0.1
13,143,90372,01936128,1314390372,0600000US1314390372,Bremen,Bremen CCD,22,Z5,G4040,S,159975649,703798,+33.7327994,-085.1487948,160.6676158255959,0.1
13,077,91344,01936294,1307791344,0600000US1307791344,Grantville,Grantville CCD,22,Z5,G4040,S,138927679,976247,+33.2754762,-084.8583406,139.92929979847213,0.1
13,077,92154,01936432,1307792154,0600000US1307792154,Newnan,Newnan CCD,22,Z5,G4040,S,630206031,7119690,+33.4099907,-084.8101995,637.4689545607922,0.1
13,077,92724,01936533,1307792724,0600000US1307792724,Senoia,Senoia CCD,22,Z5,G4040,S,254223228,3550899,+33.2952959,-084.6040824,257.88414152631896,0.1
13,143,90450,01936141,1314390450,0600000US1314390450,Buchanan,Buchanan CCD,22,Z5,G4040,S,290879580,1393471,+33.8319349,-085.1383342,292.2499037096706,0.1
13,245,91338,01936293,1324591338,0600000US1324591338,Gracewood,Gracewood CCD,22,Z5,G4040,S,81832608,459835,+33.3681208,-082.0438262,82.65763482753287,0.1
13,245,91224,01936274,1324591224,0600000US1324591224,Fort Gordon,Fort Gordon CCD,22,Z5,G4040,S,178923228,984275,+33.3632188,-082.2171160,180.64427707329597,0.1
13,081,90108,01936082,1308190108,0600000US1308190108,Arabi,Arabi CCD,22,Z5,G4040,S,158899586,1178815,+31.8610983,-083.7047528,160.33338363839943,0.1
13,081,90792,01936201,1308190792,0600000US1308190792,Cordele,Cordele CCD,22,Z5,G4040,S,547338363,20229273,+31.9429245,-083.7835864,568.408717861169,0.1
13,101,91008,01936238,1310191008,0600000US1310191008,East Echols,East Echols CCD,22,Z5,G4040,S,873494768,809409,+30.7088996,-082.8391936,877.02505214085,0.1
13,299,93294,01936633,1329993294,0600000US1329993294,Waycross,Waycross CCD,22,Z5,G4040,S,625788316,9306229,+31.1270905,-082.3571624,637.6705667469813,0.1
13,299,93240,01936624,1329993240,0600000US1329993240,Waresboro,Waresboro CCD,22,Z5,G4040,S,327893099,3042009,+31.2507673,-082.5200242,332.1483989358118,0.1
13,033,91992,01936404,1303391992,0600000US1303391992,Midville,Midville CCD,22,Z5,G4040,S,292342187,4704533,+32.8934134,-082.1975368,298.2906298887508,0.1
13,033,93300,01936634,1303393300,0600000US1303393300,Waynesboro,Waynesboro CCD,22,Z5,G4040,S,598239943,3571395,+33.0501821,-082.0121943,604.5463490115364,0.1
13,033,91362,01936297,1303391362,0600000US1303391362,Greens Cut,Greens Cut CCD,22,Z5,G4040,S,405620001,4820508,+33.1902344,-081.9112789,412.40006706970655,0.1
13,085,90906,01936220,1308590906,0600000US1308590906,Dawsonville,Dawsonville CCD,22,Z5,G4040,S,305430342,1299181,+34.4871293,-084.2221774,306.9775199397768,0.1
13,277,90420,01936136,1327790420,0600000US1327790420,Brookfield,Brookfield CCD,22,Z5,G4040,S,146357897,3791964,+31.4632511,-083.4226201,150.458865175796,0.1
13,277,92286,01936456,1327792286,0600000US1327792286,Omega,Omega CCD,22,Z5,G4040,S,100964112,3248215,+31.3673561,-083.5868672,104.40032001598814,0.1
13,033,91296,01936286,1303391296,0600000US1303391296,Girard,Girard CCD,22,Z5,G4040,S,264143279,3939463,+33.0580449,-081.7017338,269.4903747597428,0.1
13,033,93198,01936617,1303393198,0600000US1303393198,Vidette,Vidette CCD,22,Z5,G4040,S,180339620,677294,+33.0540669,-082.2294607,181.76090393268748,0.1
13,277,91052,01936448,1327791052,0600000US1327791052,Eldorado,Eldorado CCD,22,Z5,G4040,S,96540890,3085476,+31.3796439,-083.4897611,99.82117278702866,0.1
13,277,93138,01936606,1327793138,0600000US1327793138,Ty Ty,Ty Ty CCD,22,Z5,G4040,S,98927676,2770256,+31.4606736,-083.6223478,101.87520657217755,0.1
13,225,90486,01936148,1322590486,0600000US1322590486,Byron,Byron CCD,22,Z5,G4040,S,132401356,1039103,+32.6281167,-083.7618395,133.6381756204443,0.1
13,193,91932,01936394,1319391932,0600000US1319391932,Marshallville,Marshallville CCD,22,Z5,G4040,S,202013201,2163714,+32.4445870,-083.9443888,204.42926667112374,0.1
13,193,92052,01936414,1319392052,0600000US1319392052,Montezuma,Montezuma CCD,22,Z5,G4040,S,284947289,3361281,+32.3149482,-083.9575124,288.66265692131924,0.1
13,055,91860,01936381,1305591860,0600000US1305591860,Lyerly,Lyerly CCD,22,Z5,G4040,S,176246688,17545,+34.3637703,-085.4160231,176.21578842568618,0.1
13,055,92892,01936563,1305592892,0600000US1305592892,Summerville,Summerville CCD,22,Z5,G4040,S,102519307,246464,+34.4840602,-085.3606908,102.74117301853538,0.1
13,153,93252,01936626,1315393252,0600000US1315393252,Warner Robins,Warner Robins CCD,22,Z5,G4040,S,264781966,3599208,+32.5925603,-083.6284604,268.8297871840436,0.1
13,153,92352,01936467,1315392352,0600000US1315392352,Perry,Perry CCD,22,Z5,G4040,S,206297413,3099566,+32.4699211,-083.7184426,209.72063431285588,0.1
13,121,90732,01936191,1312190732,0600000US1312190732,College Park,College Park CCD,22,Z5,G4040,S,17499173,28639,+33.6414499,-084.4634890,17.537735962497667,0.6810477847421348
13,121,92604,01936512,1312192604,0600000US1312192604,Roswell-Alpharetta,Roswell-Alpharetta CCD,22,Z5,G4040,S,356037999,7546497,+34.0713211,-084.2901015,363.8536272434459,0.1
13,183,91818,01936374,1318391818,0600000US1318391818,Ludowici North,Ludowici North CCD,22,Z5,G4040,S,584794392,3129138,+31.8282394,-081.8233511,590.9507465402951,0.1
13,183,91824,01936375,1318391824,0600000US1318391824,Ludowici South,Ludowici South CCD,22,Z5,G4040,S,452234237,5732881,+31.6748701,-081.6440436,460.5132344468755,0.1
13,093,93144,01936607,1309393144,0600000US1309393144,Unadilla,Unadilla CCD,22,Z5,G4040,S,303519907,5208266,+32.2290836,-083.7348936,309.2029490390908,0.1
13,129,90504,01936151,1312990504,0600000US1312990504,Calhoun,Calhoun CCD,22,Z5,G4040,S,280414328,2138051,+34.4678424,-084.9454053,282.57462528373173,0.1
13,129,92880,01936561,1312992880,0600000US1312992880,Sugar Valley-Resaca,Sugar Valley-Resaca CCD,22,Z5,G4040,S,227512314,2429114,+34.5493219,-084.9991755,229.94826530454415,0.1
13,129,92460,01936486,1312992460,0600000US1312992460,Redbud,Redbud CCD,22,Z5,G4040,S,253295769,802113,+34.5470534,-084.7656560,254.16078156370781,0.1
13,013,90264,01936109,1301390264,0600000US1301390264,Bethlehem,Bethlehem CCD,22,Z5,G4040,S,95466033,569702,+33.9354849,-083.7241433,96.17630413045894,0.1
13,241,92103,01936613,1324192103,0600000US1324192103,Mountain City,Mountain City CCD,22,Z5,G4040,S,209347080,484753,+34.9417795,-083.3608753,210.23701415625678,0.1
13,011,92803,01936217,1301192803,0600000US1301192803,Southeast Banks,Southeast Banks CCD,22,Z5,G4040,S,125391496,1038835,+34.2679898,-083.4051991,126.66980581509804,0.1
13,011,91956,01936398,1301191956,0600000US1301191956,Maysville,Maysville CCD,22,Z5,G4040,S,118021710,1953986,+34.3195605,-083.5840940,120.17143012842658,0.1
13,157,90762,01936196,1315790762,0600000US1315790762,Commerce,Commerce CCD,22,Z5,G4040,S,111676426,1130494,+34.1943752,-083.4538060,113.01390270834436,0.1
13,157,92172,01936435,1315792172,0600000US1315792172,Nicholson,Nicholson CCD,22,Z5,G4040,S,111973547,1435988,+34.0936937,-083.4164698,113.62440007942952,0.1
13,171,90216,01936101,1317190216,0600000US1317190216,Barnesville,Barnesville CCD,22,Z5,G4040,S,278607247,3312255,+33.0232949,-084.1276315,282.1935729273705,0.1
13,043,91986,01936403,1304391986,0600000US1304391986,Metter,Metter CCD,22,Z5,G4040,S,278379238,6769038,+32.4578083,-082.0821546,286.4275172572594,0.1
13,011,90198,01936098,1301190198,0600000US1301190198,Baldwin,Baldwin CCD,22,Z5,G4040,S,165414376,868305,+34.4385065,-083.5096182,166.57134843145906,0.1
13,161,91440,01936310,1316191440,0600000US1316191440,Hazlehurst,Hazlehurst CCD,22,Z5,G4040,S,483639205,7040242,+31.8505448,-082.5696110,492.4198386329944,0.1
13,161,90924,01936223,1316190924,0600000US1316190924,Denton,Denton CCD,22,Z5,G4040,S,373436687,4560724,+31.7528308,-082.7259154,379.22523991788614,0.1
13,135,90469,01936144,1313590469,0600000US1313590469,Buford-Sugar Hill,Buford-Sugar Hill CCD,22,Z5,G4040,S,99266279,4316510,+34.1139491,-084.0360855,103.69108511955447,0.1
13,135,91740,01936360,1313591740,0600000US1313591740,Lilburn,Lilburn CCD,22,Z5,G4040,S,120522717,1436961,+33.8772950,-084.1416573,122.07299006244068,0.1
13,135,92910,01936567,1313592910,0600000US1313592910,Suwanee-Duluth,Suwanee-Duluth CCD,22,Z5,G4040,S,124360225,1674034,+34.0213135,-084.1001956,126.1565358883649,0.1
13,135,92178,01936436,1313592178,0600000US1313592178,Norcross,Norcross CCD,22,Z5,G4040,S,82786995,1121984,+33.9552485,-084.2172613,83.97881320110521,0.1
13,269,90474,01936145,1326990474,0600000US1326990474,Butler,Butler CCD,22,Z5,G4040,S,284801554,2090090,+32.5345405,-084.2682162,287.1348714502346,0.1
13,269,92628,01936517,1326992628,0600000US1326992628,Rupert,Rupert CCD,22,Z5,G4040,S,276924696,596037,+32.4858923,-084.3278467,277.72850987777144,0.1
13,009,90786,01936200,1300990786,0600000US1300990786,Coopers,Coopers CCD,22,Z5,G4040,S,197727421,788850,+33.0008571,-083.2910907,198.9455961607511,0.1
13,009,92015,01936408,1300992015,0600000US1300992015,Milledgeville,Milledgeville CCD,22,Z5,G4040,S,257478538,13229436,+33.1092363,-083.3055842,271.2835640451758,0.1
13,255,92613,01936514,1325592613,0600000US1325592613,Rover,Rover CCD,22,Z5,G4040,S,46431078,899852,+33.2154456,-084.3272872,47.36556388421318,0.1
13,031,92142,01936430,1303192142,0600000US1303192142,Nevils-Stilson,Nevils-Stilson CCD,22,Z5,G4040,S,474700980,4824134,+32.2609864,-081.6187257,482.1855889531781,0.1
13,031,92844,01936555,1303192844,0600000US1303192844,Statesboro,Statesboro CCD,22,Z5,G4040,S,529262259,11908707,+32.4723510,-081.7540274,543.99180964037,0.1
13,115,90588,01936166,1311590588,0600000US1311590588,Cave Spring,Cave Spring CCD,22,Z5,G4040,S,284725915,4220599,+34.1563415,-085.3177338,288.883337446037,0.1
13,115,92736,01936535,1311592736,0600000US1311592736,Shannon,Shannon CCD,22,Z5,G4040,S,102101694,1255993,+34.3497613,-085.0657904,103.3556968970931,0.1
13,145,91398,01936303,1314591398,0600000US1314591398,Hamilton,Hamilton CCD,22,Z5,G4040,S,365212136,12770477,+32.7089909,-084.9736456,378.0159471468203,0.1
13,145,93288,01936632,1314593288,0600000US1314593288,Waverly Hall,Waverly Hall CCD,22,Z5,G4040,S,344930641,2078764,+32.6578900,-084.8191873,347.09302490577414,0.1
13,003,93378,01936648,1300393378,0600000US1300393378,Willacoochee,Willacoochee CCD,22,Z5,G4040,S,255746941,1477743,+31.3276591,-083.0243534,257.9282933750376,0.1
13,003,92334,01936464,1300392334,0600000US1300392334,Pearson,Pearson CCD,22,Z5,G4040,S,402069206,1423440,+31.2627830,-082.8832059,404.7039241440971,0.1
13,059,90318,01936119,1305990318,0600000US1305990318,Bogart,Bogart CCD,22,Z5,G4040,S,49384608,708473,+33.9569982,-083.4791320,50.18377218703187,0.1
13,289,92215,01936601,1328992215,0600000US1328992215,North Twiggs,North Twiggs CCD,22,Z5,G4040,S,443927912,2677138,+32.7451999,-083.4024236,447.4945301886191,0.1
13,137,90672,01936180,1313790672,0600000US1313790672,Clarkesville,Clarkesville CCD,22,Z5,G4040,S,351278599,2480374,+34.6791164,-083.5660252,354.33793578554474,0.1
13,259,92280,01936455,1325992280,0600000US1325992280,Omaha,Omaha CCD,22,Z5,G4040,S,479280956,5988912,+32.1415958,-084.8912491,485.3598507055251,0.1
13,259,92508,01936494,1325992508,0600000US1325992508,Richland,Richland CCD,22,Z5,G4040,S,314904166,1225065,+32.0857209,-084.7009735,316.2453316311431,0.1
13,147,91428,01936308,1314791428,0600000US1314791428,Hartwell,Hartwell CCD,22,Z5,G4040,S,258711515,28267749,+34.3043046,-082.9168574,287.75296234638085,0.1
13,147,92622,01936516,1314792622,0600000US1314792622,Royston,Royston CCD,22,Z5,G4040,S,94795378,577850,+34.2805056,-083.0588692,95.6066300987456,0.1
13,231,91968,01936400,1323191968,0600000US1323191968,Meansville,Meansville CCD,22,Z5,G4040,S,106912104,1645427,+33.0290149,-084.3283376,108.63729246181555,0.1
13,211,90456,01936142,1321190456,0600000US1321190456,Buckhead,Buckhead CCD,22,Z5,G4040,S,159055313,8704520,+33.5262532,-083.3632331,168.0991154641201,0.1
13,127,91116,01936256,1312791116,0600000US1312791116,Everett,Everett CCD,22,Z5,G4040,S,327622273,26189693,+31.2958580,-081.5144981,355.91345734593057,0.1
13,091,91014,01936239,1309191014,0600000US1309191014,Eastman,Eastman CCD,22,Z5,G4040,S,540970590,8437684,+32.2318080,-083.1833003,550.7188560003772,0.1
13,045,90342,01936123,1304590342,0600000US1304590342,Bowdon,Bowdon CCD,22,Z5,G4040,S,280493735,506855,+33.5335298,-085.2445037,280.9592153922704,0.1
13,045,92976,01936578,1304592976,0600000US1304592976,Temple,Temple CCD,22,Z5,G4040,S,118663126,1596608,+33.7247878,-085.0328062,120.26215950858686,0.1
13,189,90912,01936221,1318990912,0600000US1318990912,Dearing,Dearing CCD,22,Z5,G4040,S,184407890,3072287,+33.3841141,-082.3919233,188.18163292014071,0.1
13,045,93372,01936647,1304593372,0600000US1304593372,Whitesburg,Whitesburg CCD,22,Z5,G4040,S,170808961,1574187,+33.5198017,-084.9180980,172.404072613908,0.1
13,147,92466,01936487,1314792466,0600000US1314792466,Reed Creek,Reed Creek CCD,22,Z5,G4040,S,127611688,29319615,+34.4216122,-082.9381268,157.3454894343388,0.1
13,291,92874,01936560,1329192874,0600000US1329192874,Suches,Suches CCD,22,Z5,G4040,S,193430402,523092,+34.7201685,-084.0209800,194.14849494768825,0.1
13,301,93258,01936627,1330193258,0600000US1330193258,Warrenton,Warrenton CCD,22,Z5,G4040,S,120087669,1324553,+33.3874792,-082.6071597,121.81388581701071,0.1
13,187,90852,01936211,1318790852,0600000US1318790852,Dahlonega,Dahlonega CCD,22,Z5,G4040,S,360919388,1695635,+34.5508671,-084.0769608,362.9686998455861,0.1
13,187,93024,01936586,1318793024,0600000US1318793024,Three Sisters Mountain,Three Sisters Mountain CCD,22,Z5,G4040,S,371901223,1579925,+34.5968235,-083.9518289,373.9122007791822,0.1
13,105,91044,01936244,1310591044,0600000US1310591044,Elberton,Elberton CCD,22,Z5,G4040,S,506336852,25753407,+34.0711557,-082.8228376,533.6228589319882,0.1
13,293,93000,01936582,1329393000,0600000US1329393000,The Rock-Yatesville,The Rock-Yatesville CCD,22,Z5,G4040,S,227220165,2598886,+32.9283836,-084.1939916,230.02378987450118,0.1
13,293,93006,01936583,1329393006,0600000US1329393006,Thomaston,Thomaston CCD,22,Z5,G4040,S,161585444,2498052,+32.9223253,-084.3361641,164.20347956846294,0.1
13,151,91800,01936370,1315191800,0600000US1315191800,Locust Grove,Locust Grove CCD,22,Z5,G4040,S,211581229,5916518,+33.3755585,-084.0603371,217.724311772809,0.1
13,317,93275,01936630,1331793275,0600000US1331793275,Washington,Washington CCD,22,Z5,G4040,S,550586251,8018904,+33.7075266,-082.6722171,560.3666762763811,0.1
13,305,91614,01936339,1330591614,0600000US1330591614,Jesup,Jesup CCD,22,Z5,G4040,S,855772008,9048712,+31.4940495,-081.8108637,869.3180333062315,0.1
13,205,90522,01936154,1320590522,0600000US1320590522,Camilla,Camilla CCD,22,Z5,G4040,S,386230634,344137,+31.2511593,-084.2243275,386.9334346155789,0.1
13,205,90186,01936096,1320590186,0600000US1320590186,Baconton,Baconton CCD,22,Z5,G4040,S,223561729,540052,+31.3804977,-084.1001067,224.3421877934493,0.1
13,205,92664,01936523,1320592664,0600000US1320592664,Sale City,Sale City CCD,22,Z5,G4040,S,181007539,2001391,+31.2524504,-084.0484569,183.22053828391307,0.1
13,205,90366,01936127,1320590366,0600000US1320590366,Branchville,Branchville CCD,22,Z5,G4040,S,255336118,218875,+31.1414682,-084.3850821,255.74359125492543,0.1
13,245,91452,01936312,1324591452,0600000US1324591452,Hephzibah,Hephzibah CCD,22,Z5,G4040,S,334413473,3364408,+33.2928715,-082.0332281,339.28795200855996,0.1
13,215,90751,02583408,1321590751,0600000US1321590751,Columbus East,Columbus East CCD,22,Z5,G4040,S,62126155,155342,+32.4829010,-084.9083748,62.29105052750258,0.1
13,215,91213,02583411,1321591213,0600000US1321591213,Fort Benning,Fort Benning CCD,22,Z5,G4040,S,203908742,549905,+32.4698571,-084.8130988,204.5083040732888,0.1
13,215,90752,02583409,1321590752,0600000US1321590752,Columbus North,Columbus North CCD,22,Z5,G4040,S,223336864,7940257,+32.5600952,-084.8937259,231.31473381027672,0.1
13,189,93018,01936585,1318993018,0600000US1318993018,Thomson,Thomson CCD,22,Z5,G4040,S,482200548,20023319,+33.5129533,-082.5148545,503.9742707019376,0.1
13,167,91662,01936347,1316791662,0600000US1316791662,Kite,Kite CCD,22,Z5,G4040,S,220340621,3000495,+32.7173064,-082.5301712,224.12975061197545,0.1
13,167,93450,01936660,1316793450,0600000US1316793450,Wrightsville,Wrightsville CCD,22,Z5,G4040,S,210786216,1959451,+32.7363789,-082.6661083,213.44241822807598,0.1
13,267,91302,01936287,1326791302,0600000US1326791302,Glennville,Glennville CCD,22,Z5,G4040,S,545025294,6780930,+31.9509701,-081.9758105,554.4371082645813,0.1
13,085,90284,01936342,1308590284,0600000US1308590284,Blacks Mill,Blacks Mill CCD,22,Z5,G4040,S,240611910,7973474,+34.3819463,-084.1121126,248.81951412709836,0.1
13,163,91812,01936373,1316391812,0600000US1316391812,Louisville,Louisville CCD,22,Z5,G4040,S,564728206,4845400,+33.0243268,-082.4203074,571.6854910105002,0.1
13,179,91488,01936318,1317991488,0600000US1317991488,Hinesville,Hinesville CCD,22,Z5,G4040,S,718372470,1751042,+31.9141393,-081.6233964,724.1520335080801,0.1
13,011,91524,01936324,1301191524,0600000US1301191524,Homer,Homer CCD,22,Z5,G4040,S,193750568,774820,+34.3680144,-083.4828465,194.87130291029996,0.1
13,285,91470,01936315,1328591470,0600000US1328591470,Hillcrest,Hillcrest CCD,22,Z5,G4040,S,60539701,9860305,+33.1494897,-085.0200228,70.4019415022411,0.1
13,285,92232,01936446,1328592232,0600000US1328592232,Oak Grove,Oak Grove CCD,22,Z5,G4040,S,160263880,507349,+32.9205098,-084.9239304,160.79132700768858,0.1
13,285,91674,01936349,1328591674,0600000US1328591674,LaGrange,LaGrange CCD,22,Z5,G4040,S,395907444,22972280,+33.0173475,-085.0185774,418.89898229726384,0.1
13,243,90840,01936209,1324390840,0600000US1324390840,Cuthbert,Cuthbert CCD,22,Z5,G4040,S,574332175,1982258,+31.7310825,-084.8217331,576.459342920894,0.1
13,243,92754,01936538,1324392754,0600000US1324392754,Shellman,Shellman CCD,22,Z5,G4040,S,303218203,3575919,+31.7388862,-084.6280230,306.93090160906667,0.1
13,121,91020,01936240,1312191020,0600000US1312191020,East Point,East Point CCD,22,Z5,G4040,S,35487056,33096,+33.6690588,-084.4693599,35.53999836475436,0.8188972330193535
13,121,92298,01936458,1312192298,0600000US1312192298,Palmetto,Palmetto CCD,22,Z5,G4040,S,182345799,3299462,+33.5546062,-084.7260797,185.70079794923095,0.1
13,285,90012,01936065,1328590012,0600000US1328590012,Abbottsford,Abbottsford CCD,22,Z5,G4040,S,154337718,32221870,+33.0978201,-085.1493205,186.54719936334973,0.1
13,285,93342,01936642,1328593342,0600000US1328593342,West Point,West Point CCD,22,Z5,G4040,S,129206195,16036752,+32.9166478,-085.1295279,145.2376178418815,0.1
13,025,92124,01936426,1302592124,0600000US1302592124,Nahunta,Nahunta CCD,22,Z5,G4040,S,499800940,5142579,+31.2018604,-081.9674237,507.41123471609546,0.1
13,025,91500,01936320,1302591500,0600000US1302591500,Hoboken,Hoboken CCD,22,Z5,G4040,S,355362140,2423085,+31.1517425,-082.1368405,359.4013878424284,0.1
13,287,92454,01936484,1328792454,0600000US1328792454,Rebecca,Rebecca CCD,22,Z5,G4040,S,179263366,2283637,+31.7899134,-083.5322895,181.8853501608574,0.1
13,131,92804,01936234,1313192804,0600000US1313192804,Southeast Grady,Southeast Grady CCD,22,Z5,G4040,S,187980366,2105600,+30.7380485,-084.1505246,190.2828759966589,0.1
13,131,93354,01936644,1313193354,0600000US1313193354,Whigham,Whigham CCD,22,Z5,G4040,S,217841797,1863911,+30.8874448,-084.3172837,219.88652667119533,0.1
13,021,91794,01936369,1302191794,0600000US1302191794,Lizella,Lizella CCD,22,Z5,G4040,S,205812051,7910578,+32.8029123,-083.7885775,214.027106489574,0.1
13,273,90900,01936219,1327390900,0600000US1327390900,Dawson,Dawson CCD,22,Z5,G4040,S,299493520,1901879,+31.7333521,-084.4738329,301.5799893251226,0.1
13,273,92316,01936461,1327392316,0600000US1327392316,Parrott,Parrott CCD,22,Z5,G4040,S,252070890,737478,+31.8682322,-084.5027549,252.95429042737612,0.1
13,273,92700,01936529,1327392700,0600000US1327392700,Sasser,Sasser CCD,22,Z5,G4040,S,166463227,1576631,+31.6824112,-084.3623164,168.16595841503064,0.1
13,035,91182,01936267,1303591182,0600000US1303591182,Flovilla,Flovilla CCD,22,Z5,G4040,S,140643142,3577041,+33.2554258,-083.8763572,144.40510359173163,0.1
13,035,91602,01936337,1303591602,0600000US1303591602,Jenkinsburg,Jenkinsburg CCD,22,Z5,G4040,S,62236811,1754362,+33.3143146,-084.0380492,64.0602472530276,0.1
13,121,90144,01936089,1312190144,0600000US1312190144,Atlanta,Atlanta CCD,22,Z5,G4040,S,611997388,7880756,+33.7619599,-084.4723780,620.2223740374815,1.0
13,121,91128,01936258,1312191128,0600000US1312191128,Fairburn-Union City,Fairburn-Union City CCD,22,Z5,G4040,S,161116779,1851186,+33.5758835,-084.5437711,163.04537817401032,0.1
13,235,91434,01936309,1323591434,0600000US1323591434,Hawkinsville,Hawkinsville CCD,22,Z5,G4040,S,168957954,1664292,+32.2996820,-083.5250817,170.93816411572058,0.1
13,235,91422,01936307,1323591422,0600000US1323591422,Hartford,Hartford CCD,22,Z5,G4040,S,218263858,2288756,+32.2449843,-083.3941355,221.0037611286667,0.1
13,305,92268,01936453,1330592268,0600000US1330592268,Odum,Odum CCD,22,Z5,G4040,S,378780398,5920324,+31.7149748,-082.0261715,386.50465713414087,0.1
13,305,92718,01936532,1330592718,0600000US1330592718,Screven,Screven CCD,22,Z5,G4040,S,427734668,2799113,+31.5052372,-082.0213861,432.56811032338067,0.1
13,103,91386,01936301,1310391386,0600000US1310391386,Guyton-Springfield,Guyton-Springfield CCD,22,Z5,G4040,S,417077008,3126781,+32.3616880,-081.3433553,422.82042144675984,0.1
13,103,92748,01936537,1310392748,0600000US1310392748,Shawnee,Shawnee CCD,22,Z5,G4040,S,427388688,3144537,+32.4821620,-081.4060620,433.1277987744908,0.1
13,103,92520,01936497,1310392520,0600000US1310392520,Rincon,Rincon CCD,22,Z5,G4040,S,395697929,4279102,+32.2527112,-081.2671474,402.5388318818082,0.1
13,261,92388,01936473,1326192388,0600000US1326192388,Plains,Plains CCD,22,Z5,G4040,S,364131973,2536569,+32.0405787,-084.3653307,366.93603942367463,0.1
13,295,91638,01936343,1329591638,0600000US1329591638,Kensington,Kensington CCD,22,Z5,G4040,S,333076553,232992,+34.6887832,-085.3864836,333.2181951230075,0.1
13,295,92598,01936511,1329592598,0600000US1329592598,Rossville-Beverly Hills,Rossville-Beverly Hills CCD,22,Z5,G4040,S,25641178,5613,+34.9461407,-085.2794139,25.641893512704574,0.1
13,295,90624,01936172,1329590624,0600000US1329590624,Chattanooga Valley,Chattanooga Valley CCD,22,Z5,G4040,S,48847851,0,+34.9427075,-085.3303363,48.836763184895865,0.1
13,295,92574,01936506,1329592574,0600000US1329592574,Rock Spring,Rock Spring CCD,22,Z5,G4040,S,68898391,112397,+34.8134313,-085.2381570,68.9997577559109,0.1
13,295,93210,01936619,1329593210,0600000US1329593210,Villanow,Villanow CCD,22,Z5,G4040,S,210943989,609948,+34.6522754,-085.1393945,211.53745274181608,0.1
13,195,90876,01936215,1319590876,0600000US1319590876,Danielsville,Danielsville CCD,22,Z5,G4040,S,123332606,1046606,+34.1503110,-083.1924788,124.65675547717848,0.1
13,067,91866,01936382,1306791866,0600000US1306791866,Mableton,Mableton CCD,22,Z5,G4040,S,78232175,626636,+33.8039373,-084.5607169,78.8948936066044,0.477796664699606
13,067,91140,01936260,1306791140,0600000US1306791140,Fair Oaks,Fair Oaks CCD,22,Z5,G4040,S,28321741,82334,+33.9064651,-084.5452450,28.41744116455669,0.2158060045108544
13,067,92418,01936478,1306792418,0600000US1306792418,Powder Springs,Powder Springs CCD,22,Z5,G4040,S,71344307,238965,+33.8654278,-084.6825718,71.60716259093117,0.1
13,067,92202,01936441,1306792202,0600000US1306792202,Northeast Cobb,Northeast Cobb CCD,22,Z5,G4040,S,174356660,3390403,+34.0028975,-084.4585902,177.8460405560192,0.1
13,261,91728,01936358,1326191728,0600000US1326191728,Leslie-De Soto,Leslie-De Soto CCD,22,Z5,G4040,S,291502682,14271869,+31.9685030,-084.0566770,306.1124971380745,0.1
13,261,90096,01936080,1326190096,0600000US1326190096,Andersonville,Andersonville CCD,22,Z5,G4040,S,252958687,4207382,+32.1255116,-084.0831136,257.4398167632708,0.1
13,261,90090,01936079,1326190090,0600000US1326190090,Americus,Americus CCD,22,Z5,G4040,S,342052949,4195621,+32.0477142,-084.2217938,346.5590780308818,0.1
13,051,92406,01936476,1305192406,0600000US1305192406,Port Wentworth,Port Wentworth CCD,22,Z5,G4040,S,140813736,8437496,+32.1715264,-081.1976613,150.2393709700577,0.1
13,051,93127,01936604,1305193127,0600000US1305193127,Tybee Island-Wilmington Island,Tybee Island-Wilmington Island CCD,22,Z5,G4040,S,141607950,160223330,+31.9860167,-080.9190841,304.06073361003854,0.1
13,023,90708,01936186,1302390708,0600000US1302390708,Cochran,Cochran CCD,22,Z5,G4040,S,403734075,7096476,+32.4159978,-083.3781003,411.6874853908102,0.1
13,237,91032,01936242,1323791032,0600000US1323791032,Eatonton,Eatonton CCD,22,Z5,G4040,S,319671807,1337986,+33.3741621,-083.4241575,321.627017740174,0.1
13,237,92364,01936469,1323792364,0600000US1323792364,Phoenix,Phoenix CCD,22,Z5,G4040,S,293301868,28833107,+33.3404031,-083.2757162,322.83752674323625,0.1
13,067,93222,01936621,1306793222,0600000US1306793222,Vinings,Vinings CCD,22,Z5,G4040,S,31755074,538444,+33.8495638,-084.4842332,32.31080082555925,0.7955683191535627
13,039,92652,01936521,1303992652,0600000US1303992652,St. Marys,St. Marys CCD,22,Z5,G4040,S,297870713,292266837,+30.8282866,-081.4752375,593.745399425311,0.1
13,039,93408,01936653,1303993408,0600000US1303993408,Woodbine,Woodbine CCD,22,Z5,G4040,S,1026941669,96027693,+30.9832122,-081.6893901,1129.2364775100398,0.1
13,033,91644,01936344,1303391644,0600000US1303391644,Keysville,Keysville CCD,22,Z5,G4040,S,238639722,1557406,+33.2038865,-082.1753519,241.20412795876135,0.1
13,033,92694,01936528,1303392694,0600000US1303392694,Sardis,Sardis CCD,22,Z5,G4040,S,162704320,1295044,+32.9807171,-081.7961398,164.8308493951826,0.1
13,317,92448,01936483,1331792448,0600000US1331792448,Rayle,Rayle CCD,22,Z5,G4040,S,330979880,1457626,+33.7815797,-082.8829986,333.36542169921313,0.1
13,317,93048,01936590,1331793048,0600000US1331793048,Tignall,Tignall CCD,22,Z5,G4040,S,334442744,2412947,+33.8957470,-082.6972080,337.8968572614537,0.1
13,153,91056,01936246,1315391056,0600000US1315391056,Elko,Elko CCD,22,Z5,G4040,S,503156965,3010191,+32.3815782,-083.6639371,506.99352376486763,0.1
13,067,90018,01936066,1306790018,0600000US1306790018,Acworth-Kennesaw,Acworth-Kennesaw CCD,22,Z5,G4040,S,273799047,6228257,+33.9974670,-084.6651881,280.1269247384563,0.1
13,067,92784,01936543,1306792784,0600000US1306792784,Smyrna,Smyrna CCD,22,Z5,G4040,S,45760522,234933,+33.8726940,-084.5338408,46.01760372900777,0.40987091122729646
13,141,90930,01936224,1314190930,0600000US1314190930,Devereux,Devereux CCD,22,Z5,G4040,S,282257498,10997060,+33.2264056,-083.1647209,293.95890875731675,0.1
13,159,91098,01936253,1315991098,0600000US1315991098,Eudora,Eudora CCD,22,Z5,G4040,S,148993544,3427640,+33.4111660,-083.7217933,152.64640530056647,0.1
13,159,92064,01936416,1315992064,0600000US1315992064,Monticello,Monticello CCD,22,Z5,G4040,S,259942415,5253226,+33.3231097,-083.7156616,265.5941160089275,0.1
13,141,92826,01936552,1314192826,0600000US1314192826,Sparta,Sparta CCD,22,Z5,G4040,S,524496685,4413716,+33.3073803,-082.9982471,530.3125803953616,0.1
13,141,91944,01936396,1314191944,0600000US1314191944,Mayfield,Mayfield CCD,22,Z5,G4040,S,259877162,1716863,+33.3338734,-082.8715011,262.3433068002278,0.1
13,141,91758,01936363,1314191758,0600000US1314191758,Linton,Linton CCD,22,Z5,G4040,S,153426071,351981,+33.1322705,-083.0327102,154.17458903964362,0.1
13,099,90870,01936214,1309990870,0600000US1309990870,Damascus,Damascus CCD,22,Z5,G4040,S,342326891,815444,+31.3599889,-084.7273651,343.2628231128183,0.1
13,025,93306,01936635,1302593306,0600000US1302593306,Waynesville,Waynesville CCD,22,Z5,G4040,S,292809185,2725884,+31.2461659,-081.8176402,297.0765881278476,0.1
13,113,91164,01936264,1311391164,0600000US1311391164,Fayetteville,Fayetteville CCD,22,Z5,G4040,S,172962894,3508901,+33.4670275,-084.4578610,176.57358024913492,0.1
13,097,90974,01936364,1309790974,0600000US1309790974,Douglasville-Lithia Springs,Douglasville-Lithia Springs CCD,22,Z5,G4040,S,178415514,1066920,+33.7474280,-084.6768174,179.54390474795755,0.1
13,097,93396,01936651,1309793396,0600000US1309793396,Winston,Winston CCD,22,Z5,G4040,S,101991213,340704,+33.7429785,-084.8534159,102.3506832267617,0.1
13,097,90276,01936111,1309790276,0600000US1309790276,Bill Arp,Bill Arp CCD,22,Z5,G4040,S,125715151,744885,+33.6710057,-084.7546058,126.49355105683135,0.1
13,029,92346,01936466,1302992346,0600000US1302992346,Pembroke,Pembroke CCD,22,Z5,G4040,S,362507691,2534231,+32.1527225,-081.5566302,367.13118569182177,0.1
13,221,93186,01936615,1322193186,0600000US1322193186,Vesta-Enterprise,Vesta-Enterprise CCD,22,Z5,G4040,S,313356702,2563651,+33.9510467,-082.9537477,316.757852656242,0.1
13,057,91512,01936322,1305791512,0600000US1305791512,Holly Springs,Holly Springs CCD,22,Z5,G4040,S,146899237,5494656,+34.1654256,-084.4570003,152.47852652353956,0.1
13,057,93234,01936623,1305793234,0600000US1305793234,Waleska,Waleska CCD,22,Z5,G4040,S,219066776,2399162,+34.3230793,-084.5736835,221.5585695667943,0.1
13,303,91416,01936306,1330391416,0600000US1330391416,Harrison,Harrison CCD,22,Z5,G4040,S,195669711,1510812,+32.8352337,-082.7073052,197.80692778958624,0.1
13,303,92982,01936579,1330392982,0600000US1330392982,Tennille,Tennille CCD,22,Z5,G4040,S,296917542,1588479,+32.8683346,-082.8751999,299.3647204016793,0.1
13,181,91752,01936362,1318191752,0600000US1318191752,Lincolnton,Lincolnton CCD,22,Z5,G4040,S,276596961,35938803,+33.8537719,-082.5225384,313.60987297921054,0.1
13,223,93462,01936662,1322393462,0600000US1322393462,Yorkville,Yorkville CCD,22,Z5,G4040,S,247328227,960454,+33.8770879,-084.9501900,248.30757528168348,0.1
13,131,90510,01936152,1313190510,0600000US1313190510,Calvary-Reno,Calvary-Reno CCD,22,Z5,G4040,S,167962436,2323778,+30.7490925,-084.3098133,170.42847256938566,0.1
13,131,92832,01936553,1313192832,0600000US1313192832,Spence,Spence CCD,22,Z5,G4040,S,137176589,2006091,+31.0306285,-084.1912386,139.3189186494167,0.1
13,131,90498,01936150,1313190498,0600000US1313190498,Cairo,Cairo CCD,22,Z5,G4040,S,345001623,5492554,+30.8846095,-084.1766906,350.8426451523775,0.1
13,297,91320,01936290,1329791320,0600000US1329791320,Good Hope,Good Hope CCD,22,Z5,G4040,S,163550797,1298717,+33.7968458,-083.6014089,165.12089745732024,0.1
13,297,91608,01936338,1329791608,0600000US1329791608,Jersey,Jersey CCD,22,Z5,G4040,S,155897950,1944019,+33.7412194,-083.8164738,158.05498418310833,0.1
13,297,92046,01936413,1329792046,0600000US1329792046,Monroe,Monroe CCD,22,Z5,G4040,S,132794326,2137151,+33.7830236,-083.7045800,135.13346580131784,0.1
13,067,90174,01936094,1306790174,0600000US1306790174,Austell,Austell CCD,22,Z5,G4040,S,53034832,88530,+33.8445780,-084.6333289,53.1437615623188,0.1
13,055,91788,01936368,1305591788,0600000US1305591788,Little Sand Mountain,Little Sand Mountain CCD,22,Z5,G4040,S,259546926,212903,+34.4832685,-085.2300027,259.7214122504719,0.1
13,055,91980,01936402,1305591980,0600000US1305591980,Menlo,Menlo CCD,22,Z5,G4040,S,182428740,20878,+34.5160264,-085.4538293,182.39410601167205,0.1
13,055,93090,01936598,1305593090,0600000US1305593090,Trion,Trion CCD,22,Z5,G4040,S,90770736,73016,+34.5499231,-085.3082595,90.82506661156967,0.1
13,313,90864,01936213,1331390864,0600000US1331390864,Dalton,Dalton CCD,22,Z5,G4040,S,320625512,616365,+34.7693530,-084.9387423,321.26657803078547,0.1
13,133,93156,01936609,1313393156,0600000US1313393156,Union Point,Union Point CCD,22,Z5,G4040,S,121628386,464466,+33.6417395,-083.0378250,122.40306392839818,0.1
13,035,91572,01936332,1303591572,0600000US1303591572,Jackson,Jackson CCD,22,Z5,G4040,S,98576516,672071,+33.2903551,-083.9582206,99.36567406180663,0.1
13,239,91272,01936282,1323991272,0600000US1323991272,Georgetown North,Georgetown North CCD,22,Z5,G4040,S,239587481,11405926,+31.9102929,-084.9927630,251.0137951982197,0.1
13,139,92118,01936425,1313992118,0600000US1313992118,Murrayville,Murrayville CCD,22,Z5,G4040,S,123195399,18715582,+34.3805603,-083.9260701,142.07758885331148,0.1
13,251,91482,01936317,1325191482,0600000US1325191482,Hiltonia,Hiltonia CCD,22,Z5,G4040,S,192883602,2315082,+32.8810305,-081.6926316,196.2303766692709,0.1
13,251,92148,01936431,1325192148,0600000US1325192148,Newington,Newington CCD,22,Z5,G4040,S,331723589,4674901,+32.5961874,-081.5314258,338.317340958875,0.1
13,015,91656,01936346,1301591656,0600000US1301591656,Kingston,Kingston CCD,22,Z5,G4040,S,157775413,744392,+34.2583767,-084.9462802,158.53341453333195,0.1
13,295,90654,01936177,1329590654,0600000US1329590654,Chickamauga,Chickamauga CCD,22,Z5,G4040,S,114993004,212717,+34.8650251,-085.3355089,115.17943584649811,0.1
13,295,91810,01936262,1329591810,0600000US1329591810,Lookout Mountain,Lookout Mountain CCD,22,Z5,G4040,S,66875517,20972,+34.8755088,-085.4066127,66.87798340231187,0.1
13,295,91668,01936348,1329591668,0600000US1329591668,LaFayette,LaFayette CCD,22,Z5,G4040,S,286598287,478037,+34.6788875,-085.2784410,287.0232823692241,0.1
13,071,90960,01936229,1307190960,0600000US1307190960,Doerun,Doerun CCD,22,Z5,G4040,S,176687355,2771376,+31.2910810,-083.9045980,179.70035689804791,0.1
13,071,92184,01936437,1307192184,0600000US1307192184,Norman Park,Norman Park CCD,22,Z5,G4040,S,290155411,5657339,+31.2851094,-083.6631199,296.31576310930853,0.1
13,071,91254,01936279,1307191254,0600000US1307191254,Funston,Funston CCD,22,Z5,G4040,S,351442960,6956309,+31.1435608,-083.9192441,358.8761494459137,0.1
13,071,90258,01936108,1307190258,0600000US1307190258,Berlin-Ellenton,Berlin-Ellenton CCD,22,Z5,G4040,S,220138250,3107633,+31.1499751,-083.5977063,223.6471147803884,0.1
13,053,91212,01936272,1305391212,0600000US1305391212,Fort Benning,Fort Benning CCD,22,Z5,G4040,S,489665328,4272847,+32.3717532,-084.7974159,494.066695374239,0.1
13,053,90834,01936208,1305390834,0600000US1305390834,Cusseta,Cusseta CCD,22,Z5,G4040,S,154560504,2004242,+32.2725435,-084.7487963,156.61279364985165,0.1
13,225,91242,01936277,1322591242,0600000US1322591242,Fort Valley,Fort Valley CCD,22,Z5,G4040,S,256832430,1639394,+32.5375492,-083.8653829,258.81912524752914,0.1
13,073,91110,01936255,1307391110,0600000US1307391110,Evans,Evans CCD,22,Z5,G4040,S,182472620,5253704,+33.5398830,-082.1515159,188.51773966072926,0.1
13,087,90192,01936097,1308790192,0600000US1308790192,Bainbridge,Bainbridge CCD,22,Z5,G4040,S,180872094,6816926,+30.9062253,-084.5787771,187.7868731792368,0.1
13,087,91122,01936257,1308791122,0600000US1308791122,Faceville,Faceville CCD,22,Z5,G4040,S,278520742,20077380,+30.7605711,-084.6747947,298.7233775117486,0.1
13,087,90702,01936185,1308790702,0600000US1308790702,Climax,Climax CCD,22,Z5,G4040,S,194995212,622530,+30.8712274,-084.4441056,195.7499230944912,0.1
13,039,91650,01936345,1303991650,0600000US1303991650,Kingsland,Kingsland CCD,22,Z5,G4040,S,307584063,4440284,+30.8326187,-081.7793977,313.70266510052096,0.1
13,273,90414,01936135,1327390414,0600000US1327390414,Bronwood,Bronwood CCD,22,Z5,G4040,S,151668153,735337,+31.8206339,-084.3488866,152.51979098712687,0.1
13,243,90252,01936107,1324390252,0600000US1324390252,Benevolence,Benevolence CCD,22,Z5,G4040,S,231575850,1271864,+31.8865063,-084.7621801,232.92150739510635,0.1
13,005,90072,01936076,1300590072,0600000US1300590072,Alma,Alma CCD,22,Z5,G4040,S,360842955,2293930,+31.5377827,-082.5187410,364.47103358112093,0.1
13,049,91194,01936269,1304991194,0600000US1304991194,Folkston,Folkston CCD,22,Z5,G4040,S,1234778488,4525143,+30.9265453,-082.1764728,1244.8901501043445,0.1
13,281,91884,01936385,1328191884,0600000US1328191884,Macedonia,Macedonia CCD,22,Z5,G4040,S,189312209,4572425,+34.8688656,-083.7650556,194.153274588971,0.1
13,147,90348,01936124,1314790348,0600000US1314790348,Bowersville,Bowersville CCD,22,Z5,G4040,S,120852026,5356222,+34.4121775,-083.0494608,126.51853181844368,0.1
13,149,90606,01936169,1314990606,0600000US1314990606,Centralhatchee,Centralhatchee CCD,22,Z5,G4040,S,238838197,3551112,+33.3777340,-085.1546145,242.37154256994054,0.1
13,061,90312,01936118,1306190312,0600000US1306190312,Bluffton,Bluffton CCD,22,Z5,G4040,S,279568861,1827355,+31.5623670,-084.9425510,281.43910532727216,0.1
13,061,91218,01936273,1306191218,0600000US1306191218,Fort Gaines,Fort Gaines CCD,22,Z5,G4040,S,226525032,54719609,+31.6990382,-085.0322138,281.26182543705784,0.1
13,213,90666,01936179,1321390666,0600000US1321390666,Cisco,Cisco CCD,22,Z5,G4040,S,196957195,60324,+34.9254861,-084.6849348,197.0697008444292,0.1
13,213,90618,01936171,1321390618,0600000US1321390618,Chatsworth,Chatsworth CCD,22,Z5,G4040,S,341917569,5501886,+34.7244934,-084.7370361,347.51121876636444,0.1
13,213,90576,01936164,1321390576,0600000US1321390576,Casey Springs,Casey Springs CCD,22,Z5,G4040,S,154236734,46180,+34.6511544,-084.8649614,154.30833178122114,0.1
13,213,90810,01936204,1321390810,0600000US1321390810,Crandall-Eton,Crandall-Eton CCD,22,Z5,G4040,S,199124092,110802,+34.8469806,-084.6644366,199.28787114615716,0.1
13,201,90744,01936193,1320190744,0600000US1320190744,Colquitt,Colquitt CCD,22,Z5,G4040,S,157822965,479001,+31.1936224,-084.7188399,158.35946812190875,0.1
13,201,91950,01936397,1320191950,0600000US1320191950,Mayhaw,Mayhaw CCD,22,Z5,G4040,S,339939436,1018224,+31.1409612,-084.8182045,341.0474532820031,0.1
13,227,91830,01936376,1322791830,0600000US1322791830,Ludville,Ludville CCD,22,Z5,G4040,S,126816857,62184,+34.4695156,-084.6021261,126.92919509765329,0.1
13,227,92952,01936574,1322792952,0600000US1322792952,Talking Rock,Talking Rock CCD,22,Z5,G4040,S,112699029,287200,+34.5174974,-084.5138462,113.04079257055514,0.1
13,227,91590,01936335,1322791590,0600000US1322791590,Jasper,Jasper CCD,22,Z5,G4040,S,158585927,17902,+34.4340119,-084.4688014,158.68801815828687,0.1
13,301,90516,01936153,1330190516,0600000US1330190516,Camak,Camak CCD,22,Z5,G4040,S,151829714,960942,+33.5080156,-082.6513373,153.284120561684,0.1
13,301,92226,01936445,1330192226,0600000US1330192226,Norwood,Norwood CCD,22,Z5,G4040,S,169998071,1205818,+33.4675655,-082.7603834,171.7225541141968,0.1
13,301,92304,01936459,1330192304,0600000US1330192304,Panhandle,Panhandle CCD,22,Z5,G4040,S,70347341,366705,+33.3189657,-082.4754080,70.9674401980181,0.1
13,221,91938,01936395,1322191938,0600000US1322191938,Maxeys,Maxeys CCD,22,Z5,G4040,S,402472301,1178446,+33.7802247,-083.0927597,404.61778765752086,0.1
13,199,91908,01936389,1319991908,0600000US1319991908,Manchester,Manchester CCD,22,Z5,G4040,S,149494225,1416820,+32.9233583,-084.5763250,150.97980309500636,0.1
13,107,90036,01936069,1310790036,0600000US1310790036,Adrian,Adrian CCD,22,Z5,G4040,S,198838233,2463115,+32.5596567,-082.5079789,202.02536338168696,0.1
13,107,92886,01936562,1310792886,0600000US1310792886,Summertown,Summertown CCD,22,Z5,G4040,S,400350511,4248678,+32.7456516,-082.2509755,406.24812938441954,0.1
13,107,93120,01936603,1310793120,0600000US1310793120,Twin City,Twin City CCD,22,Z5,G4040,S,432943064,8623243,+32.5468416,-082.1705628,443.4565299159411,0.1
13,301,92190,01936438,1330192190,0600000US1330192190,Norris,Norris CCD,22,Z5,G4040,S,224248137,2149136,+33.3363671,-082.7281668,227.10114744294629,0.1
13,233,90114,01936083,1323390114,0600000US1323390114,Aragon,Aragon CCD,22,Z5,G4040,S,155194230,1046624,+34.0538175,-085.0437095,156.24135734121145,0.1
13,019,90054,01936072,1301990054,0600000US1301990054,Alapaha,Alapaha CCD,22,Z5,G4040,S,244576660,1116249,+31.3926459,-083.1997522,246.29014782084712,0.1
13,019,92442,01936482,1301992442,0600000US1301992442,Ray City,Ray City CCD,22,Z5,G4040,S,128002166,361152,+31.0800024,-083.2320385,128.669256216171,0.1
13,019,91092,01936252,1301991092,0600000US1301991092,Enigma,Enigma CCD,22,Z5,G4040,S,242980930,4956266,+31.3714641,-083.3384099,248.47787569321227,0.1
13,019,92130,01936427,1301992130,0600000US1301992130,Nashville,Nashville CCD,22,Z5,G4040,S,558679816,5237458,+31.2197004,-083.1896518,565.30041559454,0.1
13,073,90102,01936081,1307390102,0600000US1307390102,Appling,Appling CCD,22,Z5,G4040,S,363337372,39778006,+33.6013664,-082.2999360,404.67725336271457,0.1
13,073,91383,01936305,1307391383,0600000US1307391383,Grovetown-Harlem,Grovetown-Harlem CCD,22,Z5,G4040,S,205789710,313025,+33.4480911,-082.2693150,206.91984305167983,0.1
13,319,91332,01936292,1331991332,0600000US1331991332,Gordon,Gordon CCD,22,Z5,G4040,S,213839184,1943933,+32.8739308,-083.3057042,216.24593015252327,0.1
13,319,91554,01936329,1331991554,0600000US1331991554,Irwinton,Irwinton CCD,22,Z5,G4040,S,367879962,2750451,+32.8593856,-083.1776663,371.49946892420155,0.1
13,175,90378,01936129,1317590378,0600000US1317590378,Brewton,Brewton CCD,22,Z5,G4040,S,271945150,5981563,+32.6244130,-082.8170097,278.76291392654906,0.1
13,175,90936,01936225,1317590936,0600000US1317590936,Dexter,Dexter CCD,22,Z5,G4040,S,156481161,1509162,+32.4388902,-083.0596489,158.39911518702863,0.1
13,175,91002,01936237,1317591002,0600000US1317591002,East Dublin,East Dublin CCD,22,Z5,G4040,S,324682869,6780822,+32.4860900,-082.7741745,332.4935191478055,0.1
13,217,91920,01936392,1321791920,0600000US1321791920,Mansfield,Mansfield CCD,22,Z5,G4040,S,238212355,2441580,+33.5484986,-083.7549604,240.99936744777236,0.1
13,217,92810,01936661,1321792810,0600000US1321792810,South Newton,South Newton CCD,22,Z5,G4040,S,126169581,5114281,+33.4607699,-083.8782739,131.45179490696745,0.1
13,057,90204,01936099,1305790204,0600000US1305790204,Ball Ground,Ball Ground CCD,22,Z5,G4040,S,178825110,1529770,+34.3425275,-084.3791247,180.46957735004213,0.1
13,057,91692,01936352,1305791692,0600000US1305791692,Lathemtown,Lathemtown CCD,22,Z5,G4040,S,176145233,2247178,+34.2525693,-084.3336059,178.5153443496739,0.1
13,057,90540,01936157,1305790540,0600000US1305790540,Canton,Canton CCD,22,Z5,G4040,S,211895757,13291207,+34.2344503,-084.5389023,225.29524970626812,0.1
13,057,93426,01936656,1305793426,0600000US1305793426,Woodstock,Woodstock CCD,22,Z5,G4040,S,157436642,9448044,+34.1136961,-084.5443004,166.96265267688727,0.1
13,169,92610,01936513,1316992610,0600000US1316992610,Round Oak,Round Oak CCD,22,Z5,G4040,S,508365523,1465674,+33.0949510,-083.5971174,510.6917772923391,0.1
13,063,91620,01936340,1306391620,0600000US1306391620,Jonesboro,Jonesboro CCD,22,Z5,G4040,S,154581450,5641846,+33.4776617,-084.3408429,160.33616089036067,0.1
13,125,91284,01936284,1312591284,0600000US1312591284,Gibson,Gibson CCD,22,Z5,G4040,S,225627163,1018259,+33.2608005,-082.5769576,227.4166175480564,0.1
13,125,92040,01936412,1312592040,0600000US1312592040,Mitchell,Mitchell CCD,22,Z5,G4040,S,146672089,814464,+33.1793152,-082.6745828,147.96214576799684,0.1
13,289,92821,01936602,1328992821,0600000US1328992821,South Twiggs,South Twiggs CCD,22,Z5,G4040,S,486550182,6063099,+32.5951862,-083.4521910,493.5762685409106,0.1
13,309,91308,01936288,1330991308,0600000US1330991308,Glenwood,Glenwood CCD,22,Z5,G4040,S,430699697,8170177,+32.1184180,-082.6700635,440.3297082418759,0.1
13,283,92802,01936546,1328392802,0600000US1328392802,Soperton,Soperton CCD,22,Z5,G4040,S,279443207,3938172,+32.3713882,-082.6160493,284.3479552268232,0.1
13,135,90846,01936210,1313590846,0600000US1313590846,Dacula-Rocky Creek,Dacula-Rocky Creek CCD,22,Z5,G4040,S,235712702,1493624,+34.0211965,-083.9007403,237.49750643018356,0.1
13,135,91704,01936354,1313591704,0600000US1313591704,Lawrenceville,Lawrenceville CCD,22,Z5,G4040,S,214401555,2233324,+33.9638109,-084.0136169,216.86816954079535,0.1
13,135,92790,01936544,1313592790,0600000US1313592790,Snellville-Grayson,Snellville-Grayson CCD,22,Z5,G4040,S,239561660,3416123,+33.8501390,-083.9834248,243.24855679240193,0.1
13,307,92424,01936479,1330792424,0600000US1330792424,Preston,Preston CCD,22,Z5,G4040,S,265081138,1079825,+32.0994599,-084.5426129,266.30283295870316,0.1
13,263,91626,01936341,1326391626,0600000US1326391626,Junction City,Junction City CCD,22,Z5,G4040,S,281975178,2067905,+32.5957530,-084.5596483,284.18453173445675,0.1
13,195,90714,01936188,1319590714,0600000US1319590714,Colbert,Colbert CCD,22,Z5,G4040,S,169731301,2070107,+34.0582757,-083.2666876,172.16676601367038,0.1
13,195,91548,01936328,1319591548,0600000US1319591548,Ila,Ila CCD,22,Z5,G4040,S,156887625,1888770,+34.1776520,-083.3173836,159.10078548401128,0.1
13,195,90756,01936195,1319590756,0600000US1319590756,Comer,Comer CCD,22,Z5,G4040,S,174812424,2354338,+34.0789009,-083.0892357,177.59461852604286,0.1
13,195,90402,01936133,1319590402,0600000US1319590402,Broad River,Broad River CCD,22,Z5,G4040,S,106450595,1088399,+34.2283693,-083.1715232,107.78446530827806,0.1
13,263,92946,01936573,1326392946,0600000US1326392946,Talbotton,Talbotton CCD,22,Z5,G4040,S,421186512,3380774,+32.6983623,-084.4898972,424.80923893936284,0.1
13,093,90480,01936147,1309390480,0600000US1309390480,Byromville,Byromville CCD,22,Z5,G4040,S,283466255,2241290,+32.1761692,-083.9267073,286.07126893562616,0.1
13,093,93204,01936618,1309393204,0600000US1309393204,Vienna,Vienna CCD,22,Z5,G4040,S,429922481,4692329,+32.1044464,-083.7592720,435.2704812153903,0.1
13,089,91770,01936365,1308991770,0600000US1308991770,Lithonia,Lithonia CCD,22,Z5,G4040,S,159055828,3233516,+33.7144228,-084.1142064,162.44514669541513,0.1
13,227,92139,01936429,1322792139,0600000US1322792139,Nelson-Tate-Marble Hill,Nelson-Tate-Marble Hill CCD,22,Z5,G4040,S,202917392,1323383,+34.4557552,-084.3470754,204.37640003676313,0.1
13,111,91464,01936314,1311191464,0600000US1311191464,Higdon-Mobile,Higdon-Mobile CCD,22,Z5,G4040,S,279142350,29644,+34.9172577,-084.5177438,279.3026228586962,0.1
13,111,92034,01936411,1311192034,0600000US1311192034,Mineral Bluff,Mineral Bluff CCD,22,Z5,G4040,S,114058584,229829,+34.9461829,-084.2324068,114.37595717214454,0.1
13,123,90567,01936162,1312390567,0600000US1312390567,Carters Lake,Carters Lake CCD,22,Z5,G4040,S,189991289,11338650,+34.6264004,-084.6007142,201.41312971762449,0.1
13,123,91074,01936249,1312391074,0600000US1312391074,Ellijay,Ellijay CCD,22,Z5,G4040,S,66063306,33482,+34.6877897,-084.4835056,66.13038844446858,0.1
13,303,90918,01936222,1330390918,0600000US1330390918,Deepstep,Deepstep CCD,22,Z5,G4040,S,308125363,3153502,+32.9984566,-082.9861067,312.1115134061044,0.1
13,303,92676,01936525,1330392676,0600000US1330392676,Sandersville,Sandersville CCD,22,Z5,G4040,S,286869341,2727693,+33.0038570,-082.8094149,290.462291213755,0.1
13,303,90894,01936218,1330390894,0600000US1330390894,Davisboro,Davisboro CCD,22,Z5,G4040,S,390036266,3189519,+32.9508729,-082.6153893,394.5387256137571,0.1
13,303,93264,01936628,1330393264,0600000US1330393264,Warthen,Warthen CCD,22,Z5,G4040,S,279755779,2928970,+33.1359906,-082.7909362,283.5350652406673,0.1
13,179,92502,01936493,1317992502,0600000US1317992502,Riceboro,Riceboro CCD,22,Z5,G4040,S,265755454,23111485,+31.7181539,-081.4004554,290.63945999890757,0.1
13,179,91998,01936405,1317991998,0600000US1317991998,Midway,Midway CCD,22,Z5,G4040,S,353504120,198022269,+31.7139796,-081.2594752,555.1259880698246,0.1
13,095,90996,01936236,1309590996,0600000US1309590996,East Dougherty,East Dougherty CCD,22,Z5,G4040,S,291914228,7735313,+31.5347579,-084.0614178,299.9823147044415,0.1
13,095,93312,01936637,1309593312,0600000US1309593312,West Dougherty,West Dougherty CCD,22,Z5,G4040,S,559269154,7617538,+31.5252605,-084.3014650,567.3575988083294,0.1
13,051,92058,01936415,1305192058,0600000US1305192058,Montgomery,Montgomery CCD,22,Z5,G4040,S,149253507,125700918,+31.9056755,-081.0003146,276.9200738154112,0.1
13,051,92712,01936531,1305192712,0600000US1305192712,Savannah,Savannah CCD,22,Z5,G4040,S,393109130,206536039,+31.9168523,-081.1195548,603.7736948486277,0.1
13,051,92393,01936474,1305192393,0600000US1305192393,Pooler-Bloomingdale,Pooler-Bloomingdale CCD,22,Z5,G4040,S,295951984,9991524,+32.0478045,-081.2714218,307.91140829011454,0.1
13,009,90992,01936608,1300990992,0600000US1300990992,East Baldwin,East Baldwin CCD,22,Z5,G4040,S,214822090,10784902,+33.0702261,-083.1483285,226.14997892903833,0.1
13,307,93336,01936641,1330793336,0600000US1330793336,Weston,Weston CCD,22,Z5,G4040,S,277928951,1259019,+31.9906330,-084.5636395,279.3295728022385,0.1
13,191,90882,01936216,1319190882,0600000US1319190882,Darien,Darien CCD,22,Z5,G4040,S,529262936,326390783,+31.4103336,-081.3375555,861.1223448682517,0.1
13,191,93078,01936596,1319193078,0600000US1319193078,Townsend,Townsend CCD,22,Z5,G4040,S,587921463,42791490,+31.5528169,-081.4382782,634.560121315737,0.1
13,181,92807,01936548,1318192807,0600000US1318192807,South Lincoln,South Lincoln CCD,22,Z5,G4040,S,268287814,85574471,+33.7333742,-082.3908967,355.1753854692494,0.1
13,123,92805,01936161,1312392805,0600000US1312392805,South Gilmer,South Gilmer CCD,22,Z5,G4040,S,152320887,170503,+34.5946953,-084.4290947,152.5785348169676,0.1
13,123,92517,01936496,1312392517,0600000US1312392517,Rich Mountain,Rich Mountain CCD,22,Z5,G4040,S,356898128,225117,+34.6883461,-084.3312041,357.3650641351758,0.1
13,123,92206,01936187,1312392206,0600000US1312392206,North Gilmer,North Gilmer CCD,22,Z5,G4040,S,338530852,569387,+34.7777456,-084.5187762,339.2594522863984,0.1
13,315,92382,01936472,1331592382,0600000US1331592382,Pitts,Pitts CCD,22,Z5,G4040,S,225944052,1320638,+31.9373450,-083.5499143,227.68000970019799,0.1
13,315,92550,01936502,1331592550,0600000US1331592550,Rochelle,Rochelle CCD,22,Z5,G4040,S,181207863,2335908,+31.9128496,-083.4170419,183.917780633829,0.1
13,315,92376,01936471,1331592376,0600000US1331592376,Pineview,Pineview CCD,22,Z5,G4040,S,269416521,1963889,+32.0534369,-083.4954743,271.9016725573941,0.1
13,151,91404,01936304,1315191404,0600000US1315191404,Hampton,Hampton CCD,22,Z5,G4040,S,130335914,6355467,+33.3847163,-084.2719512,136.79918163481221,0.1
13,151,92862,01936558,1315192862,0600000US1315192862,Stockbridge,Stockbridge CCD,22,Z5,G4040,S,136847675,2421730,+33.5717858,-084.2259814,139.38578744999108,0.1
13,151,91878,01936384,1315191878,0600000US1315191878,McDonough,McDonough CCD,22,Z5,G4040,S,346687228,5559921,+33.4776689,-084.1349315,352.58097672097205,0.1
13,319,90066,01936074,1331990066,0600000US1331990066,Allentown,Allentown CCD,22,Z5,G4040,S,311253345,455727,+32.6812303,-083.1695835,312.45475762809656,0.1
13,319,93066,01936593,1331993066,0600000US1331993066,Toomsboro,Toomsboro CCD,22,Z5,G4040,S,270508931,1913145,+32.7935824,-083.0484456,273.12496032251505,0.1
13,229,90282,01936112,1322990282,0600000US1322990282,Blackshear,Blackshear CCD,22,Z5,G4040,S,394390009,4254170,+31.3065434,-082.2702367,400.32633424774986,0.1
13,229,90396,01936132,1322990396,0600000US1322990396,Bristol,Bristol CCD,22,Z5,G4040,S,214070810,1341114,+31.4349423,-082.2592567,216.32471696758665,0.1
13,229,92322,01936462,1322992322,0600000US1322992322,Patterson,Patterson CCD,22,Z5,G4040,S,273336754,1568296,+31.3752743,-082.0988369,276.15754434448667,0.1
13,133,92766,01936540,1313392766,0600000US1313392766,Siloam,Siloam CCD,22,Z5,G4040,S,85759458,754230,+33.5426336,-083.0628717,86.72995846313981,0.1
13,133,93432,01936657,1313393432,0600000US1313393432,Woodville,Woodville CCD,22,Z5,G4040,S,194741260,804422,+33.6993729,-083.1787675,195.99329840609116,0.1
13,133,91374,01936299,1313391374,0600000US1313391374,Greshamville,Greshamville CCD,22,Z5,G4040,S,149904058,14219332,+33.6523918,-083.3213870,164.46596494832684,0.1
13,145,92370,01936470,1314592370,0600000US1314592370,Pine Mountain,Pine Mountain CCD,22,Z5,G4040,S,321880634,8176207,+32.8184769,-085.0120989,330.07678833937246,0.1
13,145,92760,01936539,1314592760,0600000US1314592760,Shiloh,Shiloh CCD,22,Z5,G4040,S,169259574,643256,+32.7946435,-084.7569323,169.95008185090285,0.1
13,247,90774,01936198,1324790774,0600000US1324790774,Conyers,Conyers CCD,22,Z5,G4040,S,123443320,2255245,+33.6538145,-084.0162243,125.83500952662314,0.1
13,127,90444,01936140,1312790444,0600000US1312790444,Brunswick,Brunswick CCD,22,Z5,G4040,S,84044998,26018296,+31.1685126,-081.4879239,110.72710638685781,0.1
13,127,92994,01936581,1312792994,0600000US1312792994,Thalmann,Thalmann CCD,22,Z5,G4040,S,439368515,15410120,+31.2296704,-081.6640603,457.3277387416457,0.1
13,127,92658,01936522,1312792658,0600000US1312792658,St. Simons,St. Simons CCD,22,Z5,G4040,S,149487581,203502945,+31.2123171,-081.3150730,355.27437623022934,0.1
13,155,91518,01936323,1315591518,0600000US1315591518,Holt,Holt CCD,22,Z5,G4040,S,230330138,4565086,+31.5961064,-083.1100148,235.49764225291594,0.1
13,155,92262,01936451,1315592262,0600000US1315592262,Ocilla,Ocilla CCD,22,Z5,G4040,S,382788538,9062833,+31.5654658,-083.2637470,392.75126322818215,0.1
13,133,93366,01936646,1313393366,0600000US1313393366,White Plains,White Plains CCD,22,Z5,G4040,S,165887507,10088208,+33.4484510,-083.1023386,176.40475634061337,0.1
13,165,92806,01936549,1316592806,0600000US1316592806,South Jenkins,South Jenkins CCD,22,Z5,G4040,S,378112905,3736523,+32.7133409,-082.0043472,383.6155958126883,0.1
13,165,92019,01936442,1316592019,0600000US1316592019,Millen,Millen CCD,22,Z5,G4040,S,521593040,9459412,+32.8496345,-081.9353946,533.5766241005531,0.1
13,177,92358,01936468,1317792358,0600000US1317792358,Philema,Philema CCD,22,Z5,G4040,S,352782881,11047835,+31.7852169,-084.0349941,364.242790919373,0.1
13,177,92778,01936542,1317792778,0600000US1317792778,Smithville,Smithville CCD,22,Z5,G4040,S,233954906,1814756,+31.8735207,-084.1955039,235.99153066929125,0.1
13,177,91716,01936356,1317791716,0600000US1317791716,Leesburg,Leesburg CCD,22,Z5,G4040,S,334895156,2546238,+31.7250713,-084.2160562,337.7541906263657,0.1
13,259,91848,01936379,1325991848,0600000US1325991848,Lumpkin,Lumpkin CCD,22,Z5,G4040,S,394013184,5339252,+31.9911154,-084.8807183,399.42567500052763,0.1
13,263,93420,01936655,1326393420,0600000US1326393420,Woodland,Woodland CCD,22,Z5,G4040,S,310501089,3318169,+32.7853784,-084.5860281,313.9687362591856,0.1
13,253,92856,01936557,1325392856,0600000US1325392856,Steam Mill,Steam Mill CCD,22,Z5,G4040,S,303512685,33535580,+30.9197836,-084.9199865,337.1071348325461,0.1
13,247,92820,01936551,1324792820,0600000US1324792820,South Rockdale,South Rockdale CCD,22,Z5,G4040,S,115737216,1731034,+33.5940166,-084.0801083,117.5870954814848,0.1
13,247,92214,01936443,1324792214,0600000US1324792214,North Rockdale,North Rockdale CCD,22,Z5,G4040,S,97047988,1913392,+33.7136183,-083.9659194,99.0741808930456,0.1
13,063,91200,01936270,1306391200,0600000US1306391200,Forest Park-Morrow,Forest Park-Morrow CCD,22,Z5,G4040,S,117202531,642205,+33.6042988,-084.3283588,117.92899208271106,0.35187153542958516
13,265,92742,01936536,1326592742,0600000US1326592742,Sharon,Sharon CCD,22,Z5,G4040,S,175192980,647883,+33.5756707,-082.7929341,176.36348272912363,0.1
13,265,90816,01936205,1326590816,0600000US1326590816,Crawfordville,Crawfordville CCD,22,Z5,G4040,S,328836164,1269750,+33.5500338,-082.9231211,331.0071955464221,0.1
13,271,91578,01936333,1327191578,0600000US1327191578,Jacksonville,Jacksonville CCD,22,Z5,G4040,S,339213472,5327859,+31.8535528,-082.9335619,345.5201058938417,0.1
13,271,91842,01936378,1327191842,0600000US1327191842,Lumber City,Lumber City CCD,22,Z5,G4040,S,161497484,3008172,+31.9066406,-082.7722317,165.0232615689384,0.1
13,271,92004,01936406,1327192004,0600000US1327192004,Milan,Milan CCD,22,Z5,G4040,S,345010189,5363570,+31.9260872,-083.0647093,351.2894981139683,0.1
13,311,90696,01936184,1331190696,0600000US1331190696,Cleveland,Cleveland CCD,22,Z5,G4040,S,312157187,1963265,+34.6286527,-083.7898462,314.5430526335841,0.1
13,311,92094,01936421,1331192094,0600000US1331192094,Mossy Creek,Mossy Creek CCD,22,Z5,G4040,S,109603687,1219822,+34.5515601,-083.6880532,110.98693500404244,0.1
13,311,91446,01936311,1331191446,0600000US1331191446,Helen,Helen CCD,22,Z5,G4040,S,201839409,658521,+34.7380006,-083.7219387,202.7860196281542,0.1
13,013,90162,01936092,1301390162,0600000US1301390162,Auburn,Auburn CCD,22,Z5,G4040,S,106751069,861948,+34.0292185,-083.8104503,107.75703875059261,0.1
13,013,92850,01936556,1301392850,0600000US1301392850,Statham,Statham CCD,22,Z5,G4040,S,96609071,1115439,+33.9911363,-083.5974100,97.88407288789625,0.1
13,007,92010,01936407,1300792010,0600000US1300792010,Milford,Milford CCD,22,Z5,G4040,S,415040219,4467485,+31.3164297,-084.5480892,419.73859528882883,0.1
13,197,90462,01936143,1319790462,0600000US1319790462,Buena Vista,Buena Vista CCD,22,Z5,G4040,S,433453016,1637188,+32.2709492,-084.5294068,435.3246941551557,0.1
13,207,90822,01936206,1320790822,0600000US1320790822,Culloden-Bolingbroke,Culloden-Bolingbroke CCD,22,Z5,G4040,S,545417775,1631623,+32.9315856,-083.9126014,547.7320630577617,0.1
13,293,92671,01936291,1329392671,0600000US1329392671,Salem,Salem CCD,22,Z5,G4040,S,237237396,1998383,+32.8148571,-084.2336859,239.43758346334795,0.1
13,293,92902,01936587,1329392902,0600000US1329392902,Sunset Village,Sunset Village CCD,22,Z5,G4040,S,211731872,3490086,+32.9098494,-084.4437521,215.35459758002617,0.1
13,031,90426,01936137,1303190426,0600000US1303190426,Brooklet,Brooklet CCD,22,Z5,G4040,S,286765654,3317797,+32.3582117,-081.6801739,291.65033801883857,0.1
13,031,92472,01936488,1303192472,0600000US1303192472,Register,Register CCD,22,Z5,G4040,S,179956522,6868714,+32.3232081,-081.8698984,187.75092870933395,0.1
13,031,92400,01936475,1303192400,0600000US1303192400,Portal,Portal CCD,22,Z5,G4040,S,280049801,5908429,+32.5649759,-081.8950448,287.3471244037482,0.1
13,083,92682,01936526,1308392682,0600000US1308392682,Sand Mountain,Sand Mountain CCD,22,Z5,G4040,S,102368296,0,+34.9221023,-085.5570212,102.33024755897208,0.1
13,083,93084,01936612,1308393084,0600000US1308393084,Trenton,Trenton CCD,22,Z5,G4040,S,244115205,268132,+34.8519951,-085.4854812,244.30193922970233,0.1
13,131,92216,01936361,1313192216,0600000US1313192216,Northwest Grady,Northwest Grady CCD,22,Z5,G4040,S,121089259,1234081,+31.0388038,-084.3154525,122.42350253121243,0.1
13,275,91974,01936401,1327591974,0600000US1327591974,Meigs,Meigs CCD,22,Z5,G4040,S,73226970,1360744,+31.0461591,-084.0632762,74.67261775013192,0.1
13,275,93012,01936584,1327593012,0600000US1327593012,Thomasville,Thomasville CCD,22,Z5,G4040,S,533747588,7984579,+30.7880431,-083.9676202,542.4241775833838,0.1
13,275,92256,01936450,1327592256,0600000US1327592256,Ochlocknee,Ochlocknee CCD,22,Z5,G4040,S,205675145,3701690,+30.9678380,-084.0252315,209.62560004515333,0.1
13,275,90330,01936121,1327590330,0600000US1327590330,Boston,Boston CCD,22,Z5,G4040,S,278187392,2659033,+30.7435210,-083.7994187,281.2679144369174,0.1
13,089,90612,01936170,1308990612,0600000US1308990612,Chamblee-Doraville,Chamblee-Doraville CCD,22,Z5,G4040,S,97763636,898192,+33.9075917,-084.3085830,98.73352108583376,0.5412828483579768
13,089,90150,01936090,1308990150,0600000US1308990150,Atlanta-Decatur,Atlanta-Decatur CCD,22,Z5,G4040,S,322604116,2314863,+33.7369391,-084.2642049,325.1739769973687,0.7329419875949719
13,089,93096,01936599,1308993096,0600000US1308993096,Tucker,Tucker CCD,22,Z5,G4040,S,63681356,384509,+33.8582263,-084.2351776,64.11797855048506,0.42145428887902214
13,089,92868,01936559,1308992868,0600000US1308992868,Stone Mountain,Stone Mountain CCD,22,Z5,G4040,S,50146711,2017698,+33.8102720,-084.1414398,52.21148259650348,0.1
13,029,91236,01936276,1302991236,0600000US1302991236,Fort Stewart,Fort Stewart CCD,22,Z5,G4040,S,438811295,4133050,+32.0263700,-081.4940823,445.5525372241267,0.1
13,029,92514,01936495,1302992514,0600000US1302992514,Richmond Hill,Richmond Hill CCD,22,Z5,G4040,S,331965253,37083984,+31.8502030,-081.2648237,371.44114000871286,0.1
13,257,92556,01936503,1325792556,0600000US1325792556,Rock Creek,Rock Creek CCD,22,Z5,G4040,S,108726772,7225800,+34.5682391,-083.2210338,116.20662198576967,0.1
13,257,91934,01936134,1325791934,0600000US1325791934,Martin-Avalon,Martin-Avalon CCD,22,Z5,G4040,S,202250111,1806797,+34.5130852,-083.3132267,204.47035958401688,0.1
13,257,93054,01936591,1325793054,0600000US1325793054,Toccoa,Toccoa CCD,22,Z5,G4040,S,152273418,4006673,+34.6046916,-083.3246400,156.59160264557926,0.1
13,217,90804,01936203,1321790804,0600000US1321790804,Covington-Porterdale,Covington-Porterdale CCD,22,Z5,G4040,S,344793936,6390376,+33.5985619,-083.9021775,351.6188982011805,0.1
13,205,92340,01936465,1320592340,0600000US1320592340,Pelham,Pelham CCD,22,Z5,G4040,S,280347062,1209757,+31.1238773,-084.1553771,281.8432156067365,0.1
13,287,90134,01936087,1328790134,0600000US1328790134,Ashburn-Sycamore,Ashburn-Sycamore CCD,22,Z5,G4040,S,559964392,9534456,+31.6953113,-083.6531800,570.4582170549397,0.1
13,315,90006,01936064,1331590006,0600000US1331590006,Abbeville,Abbeville CCD,22,Z5,G4040,S,301956944,5527193,+31.9531876,-083.3164444,308.1611564493202,0.1
13,255,92292,01936457,1325592292,0600000US1325592292,Orchard Hill,Orchard Hill CCD,22,Z5,G4040,S,83042623,1381362,+33.2199733,-084.1709959,84.50082163113325,0.1
13,101,93318,01936638,1310193318,0600000US1310193318,West Echols,West Echols CCD,22,Z5,G4040,S,215354702,178,+30.7454014,-083.0891308,215.93092456418418,0.1
13,271,91896,01936387,1327191896,0600000US1327191896,McRae-Helena,McRae-Helena CCD,22,Z5,G4040,S,286899947,3656798,+32.0224041,-082.8798600,291.41466395466733,0.1
13,255,93071,01936499,1325593071,0600000US1325593071,Towalaga,Towalaga CCD,22,Z5,G4040,S,88050766,2450483,+33.2995252,-084.1814931,90.58322435203482,0.1
13,255,91380,01936300,1325591380,0600000US1325591380,Griffin,Griffin CCD,22,Z5,G4040,S,109388324,1292047,+33.2576511,-084.2733773,110.76768711054046,0.1
13,071,92100,01936422,1307192100,0600000US1307192100,Moultrie,Moultrie CCD,22,Z5,G4040,S,378473206,6298679,+31.1276144,-083.7487727,385.37556292128,0.1
13,313,93350,01936643,1331393350,0600000US1331393350,West Whitfield,West Whitfield CCD,22,Z5,G4040,S,224005787,386427,+34.7445005,-085.0597675,224.38776028922717,0.1
13,313,92220,01936444,1331392220,0600000US1331392220,North Whitfield,North Whitfield CCD,22,Z5,G4040,S,207618231,575365,+34.9337666,-084.9095327,208.21368741537174,0.1
13,185,91686,01936351,1318591686,0600000US1318591686,Lake Park,Lake Park CCD,22,Z5,G4040,S,156970133,9617584,+30.7161208,-083.2024054,167.00082000019253,0.1
13,207,91206,01936271,1320791206,0600000US1320791206,Forsyth,Forsyth CCD,22,Z5,G4040,S,480454679,4012223,+33.0981486,-083.9114681,485.06933164729725,0.1
13,059,90138,01936088,1305990138,0600000US1305990138,Athens,Athens CCD,22,Z5,G4040,S,164801988,2588145,+33.9279787,-083.3538228,167.7251664353825,0.1
13,059,93402,01936652,1305993402,0600000US1305993402,Winterville,Winterville CCD,22,Z5,G4040,S,94798969,1480108,+33.9873447,-083.3238498,96.47516420766199,0.1
13,083,91809,01936372,1308391809,0600000US1308391809,Lookout Mountain,Lookout Mountain CCD,22,Z5,G4040,S,104371618,220331,+34.8023519,-085.4532727,104.55851373610763,0.1
13,119,91698,01936353,1311991698,0600000US1311991698,Lavonia,Lavonia CCD,22,Z5,G4040,S,154657049,7908992,+34.4533541,-083.1332193,162.9418069591287,0.1
13,113,92331,01936605,1311392331,0600000US1311392331,Peachtree City-Tyrone,Peachtree City-Tyrone CCD,22,Z5,G4040,S,189416396,5557919,+33.4308672,-084.5569065,195.06641670848555,0.1
13,113,90432,01936138,1311390432,0600000US1311390432,Brooks,Brooks CCD,22,Z5,G4040,S,141877392,3714055,+33.3214775,-084.4577492,145.67656265725907,0.1
13,001,90078,01936077,1300190078,0600000US1300190078,Altamaha River,Altamaha River CCD,22,Z5,G4040,S,325866608,6476484,+31.8787134,-082.2783139,333.72222561765386,0.1
13,001,92905,01936566,1300192905,0600000US1300192905,Surrency-Troper,Surrency-Troper CCD,22,Z5,G4040,S,388759782,568690,+31.6667971,-082.1882420,391.01796897306485,0.1
13,001,90240,01936105,1300190240,0600000US1300190240,Baxley,Baxley CCD,22,Z5,G4040,S,228732674,1072829,+31.8017242,-082.3287092,230.73065540956873,0.1
13,001,90273,01936530,1300190273,0600000US1300190273,Big Satilla Creek,Big Satilla Creek CCD,22,Z5,G4040,S,373034729,2239485,+31.6892652,-082.3809625,376.75265234048567,0.1
13,169,91351,01936295,1316991351,0600000US1316991351,Gray-Macon East,Gray-Macon East CCD,22,Z5,G4040,S,511938630,2354582,+32.9651824,-083.5313745,515.2239329286026,0.1
13,197,92207,01936439,1319792207,0600000US1319792207,North Marion,North Marion CCD,22,Z5,G4040,S,513760839,2148756,+32.4377472,-084.5226277,516.1882952110362,0.1
13,249,91062,01936247,1324991062,0600000US1324991062,Ellaville North,Ellaville North CCD,22,Z5,G4040,S,245777619,1462519,+32.3182006,-084.3324186,247.43096278055503,0.1
13,249,91068,01936248,1324991068,0600000US1324991068,Ellaville South,Ellaville South CCD,22,Z5,G4040,S,186513583,907130,+32.1914746,-084.2967105,187.56860681725658,0.1
13,005,92562,01936504,1300592562,0600000US1300592562,Rockingham,Rockingham CCD,22,Z5,G4040,S,374933152,2206488,+31.5631444,-082.3878355,378.62333643790413,0.1
13,069,90084,01936078,1306990084,0600000US1306990084,Ambrose,Ambrose CCD,22,Z5,G4040,S,358997478,9313875,+31.5128477,-083.0119626,369.3217453269855,0.1
13,069,90972,01936231,1306990972,0600000US1306990972,Douglas,Douglas CCD,22,Z5,G4040,S,320332656,5154239,+31.4625845,-082.8316691,326.4873758226399,0.1
13,069,93324,01936639,1306993324,0600000US1306993324,West Green,West Green CCD,22,Z5,G4040,S,257239186,3900433,+31.6070079,-082.7422568,261.98414181805487,0.1
13,193,91542,01936327,1319391542,0600000US1319391542,Ideal,Ideal CCD,22,Z5,G4040,S,347994591,4879740,+32.3969354,-084.1229695,353.2275612134498,0.1
13,193,92274,01936454,1319392274,0600000US1319392274,Oglethorpe,Oglethorpe CCD,22,Z5,G4040,S,202754858,3437181,+32.2614341,-084.1290875,206.40299300063768,0.1
13,021,92634,01936518,1302192634,0600000US1302192634,Rutland,Rutland CCD,22,Z5,G4040,S,105670217,1186696,+32.7190994,-083.6626335,107.02943411724087,0.1
13,045,92112,01936424,1304592112,0600000US1304592112,Mount Zion,Mount Zion CCD,22,Z5,G4040,S,147291333,620045,+33.6425612,-085.1809983,147.89708677083735,0.1
13,045,93216,01936620,1304593216,0600000US1304593216,Villa Rica,Villa Rica CCD,22,Z5,G4040,S,116393631,1525325,+33.7209552,-084.9507392,117.92958566779177,0.1
13,045,90552,01936159,1304590552,0600000US1304590552,Carrollton,Carrollton CCD,22,Z5,G4040,S,329055404,4113425,+33.5848043,-085.0341340,333.17640113241237,0.1
13,199,91368,01936298,1319991368,0600000US1319991368,Greenville,Greenville CCD,22,Z5,G4040,S,290515034,1684044,+33.0371527,-084.7346703,292.28763491352515,0.1
13,199,93246,01936625,1319993246,0600000US1319993246,Warm Springs,Warm Springs CCD,22,Z5,G4040,S,229304475,1754418,+32.9129904,-084.7505410,231.12471902836052,0.1
13,199,91266,01936281,1319991266,0600000US1319991266,Gay,Gay CCD,22,Z5,G4040,S,270570647,3361457,+33.1504032,-084.5933593,274.05408754774874,0.1
13,199,93414,01936654,1319993414,0600000US1319993414,Woodbury,Woodbury CCD,22,Z5,G4040,S,113077689,2065943,+32.9907954,-084.5964172,115.19452121972111,0.1
13,199,91854,01936380,1319991854,0600000US1319991854,Luthersville,Luthersville CCD,22,Z5,G4040,S,244380018,549819,+33.1561500,-084.7865225,244.99359592918825,0.1
13,075,91722,01936357,1307591722,0600000US1307591722,Lenox,Lenox CCD,22,Z5,G4040,S,135641858,3145280,+31.2605790,-083.4413988,139.07067625174395,0.1
13,173,91010,01936241,1317391010,0600000US1317391010,East Lanier,East Lanier CCD,22,Z5,G4040,S,233337347,2796056,+31.0366165,-083.0025834,236.79210393192315,0.1
13,047,91230,01936275,1304791230,0600000US1304791230,Fort Oglethorpe-Lakeview,Fort Oglethorpe-Lakeview CCD,22,Z5,G4040,S,45941694,32573,+34.9472059,-085.2397550,45.966791839754826,0.1
13,045,92592,01936510,1304592592,0600000US1304592592,Roopville,Roopville CCD,22,Z5,G4040,S,129999199,1945614,+33.4592669,-085.1017683,131.94100016853702,0.1
13,079,92544,01936501,1307992544,0600000US1307992544,Roberta,Roberta CCD,22,Z5,G4040,S,387012421,1459048,+32.7611127,-084.0540789,388.88845107986646,0.1
13,105,90354,01936125,1310590354,0600000US1310590354,Bowman,Bowman CCD,22,Z5,G4040,S,139489256,1460800,+34.1850585,-083.0181125,141.30672830572476,0.1
13,163,93228,01936622,1316393228,0600000US1316393228,Wadley,Wadley CCD,22,Z5,G4040,S,265419160,2445670,+32.8627836,-082.4257747,268.8627107721536,0.1
13,275,90780,01936199,1327590780,0600000US1327590780,Coolidge,Coolidge CCD,22,Z5,G4040,S,142988182,1962419,+30.9826875,-083.8778142,145.15263076846603,0.1
13,275,92328,01936463,1327592328,0600000US1327592328,Pavo-Barwick,Pavo-Barwick CCD,22,Z5,G4040,S,176767330,1977230,+30.9401436,-083.7802492,179.01799533142977,0.1
13,087,90156,01936091,1308790156,0600000US1308790156,Attapulgus,Attapulgus CCD,22,Z5,G4040,S,233928127,629909,+30.7529054,-084.4779499,234.70799118304237,0.1
13,087,90390,01936131,1308790390,0600000US1308790390,Brinson,Brinson CCD,22,Z5,G4040,S,442402276,36414959,+30.9466692,-084.6713592,479.0163110707059,0.1
13,235,91170,01936265,1323591170,0600000US1323591170,Finleyson,Finleyson CCD,22,Z5,G4040,S,258362146,1093558,+32.1846029,-083.5148665,259.9399680946311,0.1
13,253,90966,01936230,1325390966,0600000US1325390966,Donalsonville,Donalsonville CCD,22,Z5,G4040,S,311740648,15688053,+30.8967390,-084.8046295,327.51853156379343,0.1
13,077,92070,01936417,1307792070,0600000US1307792070,Moreland,Moreland CCD,22,Z5,G4040,S,118817951,1028342,+33.2715077,-084.7407314,119.8810201126742,0.1
13,299,90954,01936228,1329990954,0600000US1329990954,Dixie Union,Dixie Union CCD,22,Z5,G4040,S,348796508,2713949,+31.3632040,-082.5281186,352.8012303262103,0.1
13,299,91914,01936390,1329991914,0600000US1329991914,Manor,Manor CCD,22,Z5,G4040,S,1026546359,7589453,+30.7397330,-082.3269619,1038.2708165512988,0.1
13,155,91560,01936330,1315591560,0600000US1315591560,Irwinville,Irwinville CCD,22,Z5,G4040,S,304676561,8128228,+31.6467986,-083.4062731,313.44955177333645,0.1
13,277,93036,01936588,1327793036,0600000US1327793036,Tifton,Tifton CCD,22,Z5,G4040,S,75631884,1548574,+31.4639075,-083.5188535,77.32722622918007,0.1
13,277,90660,01936178,1327790660,0600000US1327790660,Chula,Chula CCD,22,Z5,G4040,S,157279863,6013807,+31.5485029,-083.5663293,163.59398264572246,0.1
13,201,90246,01936106,1320190246,0600000US1320190246,Bellview,Bellview CCD,22,Z5,G4040,S,233709355,1714107,+31.1657895,-084.6021252,235.53839637604406,0.1
13,027,90948,01936227,1302790948,0600000US1302790948,Dixie,Dixie CCD,22,Z5,G4040,S,228649819,866333,+30.7479508,-083.6829847,229.90427203300325,0.1
13,027,92088,01936420,1302792088,0600000US1302792088,Morven,Morven CCD,22,Z5,G4040,S,236935633,2929858,+30.9051465,-083.4910013,240.33754850966253,0.1
13,063,90726,01936190,1306390726,0600000US1306390726,College Park,College Park CCD,22,Z5,G4040,S,30604604,126025,+33.6222339,-084.4310741,30.749170396675723,0.5632803249041431
13,063,92538,01936500,1306392538,0600000US1306392538,Riverdale,Riverdale CCD,22,Z5,G4040,S,64620549,504118,+33.5522420,-084.4129728,65.16517621939562,0.1
13,231,93384,01936649,1323193384,0600000US1323193384,Williamson,Williamson CCD,22,Z5,G4040,S,111025324,1483231,+33.1582567,-084.4394892,112.576907985334,0.1
13,231,90768,01936197,1323190768,0600000US1323190768,Concord-Molena,Concord-Molena CCD,22,Z5,G4040,S,172790184,2403754,+33.0538895,-084.4662034,175.2963144098183,0.1
13,231,93474,01936664,1323193474,0600000US1323193474,Zebulon,Zebulon CCD,22,Z5,G4040,S,168932874,3063572,+33.1280391,-084.3142412,172.1242037276229,0.1
13,003,90180,01936095,1300390180,0600000US1300390180,Axson,Axson CCD,22,Z5,G4040,S,229826010,1795115,+31.2906602,-082.7163557,232.38538621945816,0.1
13,091,90630,01936173,1309190630,0600000US1309190630,Chauncey,Chauncey CCD,22,Z5,G4040,S,243271901,1974007,+32.1191157,-083.0292660,245.89668850624585,0.1
13,091,92496,01936492,1309192496,0600000US1309192496,Rhine,Rhine CCD,22,Z5,G4040,S,344556929,5739083,+32.0276992,-083.2118163,351.12189118117334,0.1
13,291,90288,01936113,1329190288,0600000US1329190288,Blairsville,Blairsville CCD,22,Z5,G4040,S,441379980,2315012,+34.8268283,-083.9564003,444.19766906688744,0.1
13,291,91566,01936331,1329191566,0600000US1329191566,Ivylog,Ivylog CCD,22,Z5,G4040,S,199381261,15250320,+34.9405073,-084.0439309,214.84520586740803,0.1
13,091,90648,01936176,1309190648,0600000US1309190648,Chester,Chester CCD,22,Z5,G4040,S,155755450,2361486,+32.3645426,-083.2045413,158.48922710150984,0.1
13,163,92838,01936554,1316392838,0600000US1316392838,Stapleton,Stapleton CCD,22,Z5,G4040,S,208860131,492056,+33.1533246,-082.4922877,210.0971059713353,0.1
13,163,93444,01936659,1316393444,0600000US1316393444,Wrens,Wrens CCD,22,Z5,G4040,S,324763853,276471,+33.2097134,-082.3465515,326.2922313110096,0.1
13,241,93042,01936589,1324193042,0600000US1324193042,Tiger,Tiger CCD,22,Z5,G4040,S,339756410,15182305,+34.7986376,-083.4815500,355.56262191143395,0.1
13,269,90557,01936160,1326990557,0600000US1326990557,Carsonville,Carsonville CCD,22,Z5,G4040,S,267321505,2540717,+32.6614676,-084.2413494,270.09067101346096,0.1
13,269,92490,01936491,1326992490,0600000US1326992490,Reynolds,Reynolds CCD,22,Z5,G4040,S,146565318,2574695,+32.5590039,-084.1049705,149.29266251467723,0.1
13,137,93102,01936600,1313793102,0600000US1313793102,Turnerville,Turnerville CCD,22,Z5,G4040,S,144712132,1436298,+34.6710504,-083.4024539,146.41919306139437,0.1
13,255,92901,01936565,1325592901,0600000US1325592901,Sunny Side,Sunny Side CCD,22,Z5,G4040,S,67408819,665685,+33.3305333,-084.3272835,68.12446062128663,0.1
13,255,90942,01936226,1325590942,0600000US1325590942,Digbey,Digbey CCD,22,Z5,G4040,S,37621417,611681,+33.2308150,-084.4780297,38.254858296058394,0.1
13,255,93180,01936614,1325593180,0600000US1325593180,Vaughn,Vaughn CCD,22,Z5,G4040,S,75618177,2074881,+33.2546778,-084.4007119,77.74411159470777,0.1
13,105,90719,01936189,1310590719,0600000US1310590719,Coldwater,Coldwater CCD,22,Z5,G4040,S,263526032,32649123,+34.1839641,-082.7833857,297.0354369472345,0.1
13,221,90814,01936359,1322190814,0600000US1322190814,Crawford,Crawford CCD,22,Z5,G4040,S,421336326,3965935,+33.9202364,-083.1392355,426.297559866453,0.1
13,137,90798,01936202,1313790798,0600000US1313790798,Cornelia,Cornelia CCD,22,Z5,G4040,S,221090666,1755704,+34.5249629,-083.5424560,223.22218276094023,0.1
13,175,90594,01936167,1317590594,0600000US1317590594,Cedar Grove,Cedar Grove CCD,22,Z5,G4040,S,306401253,2433114,+32.3009504,-082.8400387,309.75733539150184,0.1
13,175,90984,01936233,1317590984,0600000US1317590984,Dudley,Dudley CCD,22,Z5,G4040,S,196415070,1560108,+32.5361340,-083.1164265,198.46467905283737,0.1
13,175,90492,01936149,1317590492,0600000US1317590492,Cadwell,Cadwell CCD,22,Z5,G4040,S,241702850,2267361,+32.2701806,-083.0005158,244.6274530114422,0.1
13,175,90978,01936232,1317590978,0600000US1317590978,Dublin,Dublin CCD,22,Z5,G4040,S,404034854,6569641,+32.5781771,-082.9784919,411.72054581681226,0.1
13,175,92484,01936490,1317592484,0600000US1317592484,Rentz,Rentz CCD,22,Z5,G4040,S,189326845,1736688,+32.3932197,-082.9263171,191.60411564218305,0.1
13,075,90030,01936068,1307590030,0600000US1307590030,Adel-Sparks,Adel-Sparks CCD,22,Z5,G4040,S,456052340,9153380,+31.1194277,-083.4271906,466.1663503443601,0.1
13,167,93332,01936100,1316793332,0600000US1316793332,West Johnson,West Johnson CCD,22,Z5,G4040,S,210998104,2352222,+32.7216084,-082.8152462,213.99060026215622,0.1
13,167,90042,01936070,1316790042,0600000US1316790042,Adrian,Adrian CCD,22,Z5,G4040,S,142690287,1944465,+32.5892782,-082.6224136,145.12237411639697,0.1
13,065,91158,01936263,1306591158,0600000US1306591158,Fargo,Fargo CCD,22,Z5,G4040,S,1336369242,18776742,+30.8352662,-082.6702248,1359.8304932377807,0.1
13,065,91530,01936325,1306591530,0600000US1306591530,Homerville,Homerville CCD,22,Z5,G4040,S,774472169,4514306,+31.0667367,-082.7730713,781.4855705387201,0.1
13,023,92198,01936524,1302392198,0600000US1302392198,Northeast Bleckley,Northeast Bleckley CCD,22,Z5,G4040,S,155388056,1328935,+32.4888173,-083.2316285,157.07674511807565,0.1
13,043,92430,01936480,1304392430,0600000US1304392430,Pulaski,Pulaski CCD,22,Z5,G4040,S,165155513,4108804,+32.3767922,-081.9855870,170.06065156007944,0.1
13,043,90060,01936073,1304390060,0600000US1304390060,Aline,Aline CCD,22,Z5,G4040,S,185986091,4140347,+32.3475311,-082.1405336,190.95589854662023,0.1
13,209,92106,01936423,1320992106,0600000US1320992106,Mount Vernon-Ailey,Mount Vernon-Ailey CCD,22,Z5,G4040,S,202184803,2927771,+32.1697348,-082.5513473,205.84152526874422,0.1
13,209,92964,01936576,1320992964,0600000US1320992964,Tarrytown,Tarrytown CCD,22,Z5,G4040,S,220193153,2178154,+32.2824404,-082.5303493,223.16611742885044,0.1
13,209,93162,01936610,1320993162,0600000US1320993162,Uvalda,Uvalda CCD,22,Z5,G4040,S,202185103,4085563,+32.0525141,-082.5201947,207.01567227181482,0.1
13,237,91782,01936367,1323791782,0600000US1323791782,Little River,Little River CCD,22,Z5,G4040,S,279748060,11280767,+33.2393543,-083.4198621,291.59186966711627,0.1
13,297,90528,01936155,1329790528,0600000US1329790528,Campton,Campton CCD,22,Z5,G4040,S,124497027,607686,+33.8877829,-083.7268477,125.28711716809262,0.1
13,297,91806,01936371,1329791806,0600000US1329791806,Loganville,Loganville CCD,22,Z5,G4040,S,141377726,1026106,+33.8187775,-083.8704527,142.58425078841825,0.1
13,297,92796,01936545,1329792796,0600000US1329792796,Social Circle,Social Circle CCD,22,Z5,G4040,S,128343002,1220732,+33.6762081,-083.6901009,129.76113523334598,0.1
13,157,91962,01936399,1315791962,0600000US1315791962,Maysville,Maysville CCD,22,Z5,G4040,S,146331189,1383383,+34.2202064,-083.5965315,147.95391161296212,0.1
13,157,91596,01936336,1315791596,0600000US1315791596,Jefferson,Jefferson CCD,22,Z5,G4040,S,320877813,3337060,+34.0927532,-083.5509937,324.76539307545823,0.1
13,157,93330,01936640,1315793330,0600000US1315793330,West Jackson,West Jackson CCD,22,Z5,G4040,S,188954002,1497960,+34.1402226,-083.7073662,190.7293079902647,0.1
13,119,90546,01936158,1311990546,0600000US1311990546,Carnesville,Carnesville CCD,22,Z5,G4040,S,270432737,2378698,+34.3992871,-083.2865636,273.37601462323113,0.1
13,119,92688,01936527,1311992688,0600000US1311992688,Sandy Cross,Sandy Cross CCD,22,Z5,G4040,S,156629678,1674150,+34.2874097,-083.2704061,158.63728431365135,0.1
13,119,92616,01936515,1311992616,0600000US1311992616,Royston,Royston CCD,22,Z5,G4040,S,95153862,790717,+34.3176356,-083.1458202,96.16594898689335,0.1
13,215,90753,02583410,1321590753,0600000US1321590753,Columbus West,Columbus West CCD,22,Z5,G4040,S,71359916,3038428,+32.4580437,-084.9635634,74.40611019074187,0.1
13,027,90222,01936102,1302790222,0600000US1302790222,Barney,Barney CCD,22,Z5,G4040,S,113555860,1517767,+31.0022454,-083.5268246,115.2957853066921,0.1
13,027,91086,01936251,1302791086,0600000US1302791086,Empress,Empress CCD,22,Z5,G4040,S,198890664,1061952,+30.6875485,-083.5076201,200.3438774383515,0.1
13,117,90270,01936110,1311790270,0600000US1311790270,Big Creek,Big Creek CCD,22,Z5,G4040,S,113588140,909872,+34.1126112,-084.1714142,114.5981183734491,0.1
13,117,92772,01936541,1311792772,0600000US1311792772,Silver City,Silver City CCD,22,Z5,G4040,S,118059554,1677846,+34.3068456,-084.1453121,119.84508600395438,0.1
13,117,90828,01936207,1311790828,0600000US1311790828,Cumming,Cumming CCD,22,Z5,G4040,S,258219763,43720782,+34.2186342,-084.1360189,302.21717823301697,0.1
13,117,90642,01936175,1311790642,0600000US1311790642,Chestatee,Chestatee CCD,22,Z5,G4040,S,91886950,12096572,+34.2791984,-084.0061860,104.09501716720004,0.1
13,037,90120,01936084,1303790120,0600000US1303790120,Arlington,Arlington CCD,22,Z5,G4040,S,93222042,309722,+31.4767059,-084.7421127,93.56314349949103,0.1
13,037,92076,01936418,1303792076,0600000US1303792076,Morgan,Morgan CCD,22,Z5,G4040,S,228872588,3817227,+31.5212790,-084.6262895,232.79534207009593,0.1
13,037,91710,01936355,1303791710,0600000US1303791710,Leary,Leary CCD,22,Z5,G4040,S,251867033,3310393,+31.5169671,-084.5068244,255.3266762056096,0.1
13,069,90438,01936139,1306990438,0600000US1306990438,Broxton,Broxton CCD,22,Z5,G4040,S,323470210,7104922,+31.6831279,-082.9024926,331.53735793336995,0.1
13,069,92166,01936434,1306992166,0600000US1306992166,Nicholls,Nicholls CCD,22,Z5,G4040,S,273876981,1466138,+31.4749407,-082.6792170,276.26909010311965,0.1
13,037,91038,01936243,1303791038,0600000US1303791038,Edison,Edison CCD,22,Z5,G4040,S,152229844,834128,+31.5629691,-084.7459082,153.11390955352067,0.1
13,139,91260,01936280,1313991260,0600000US1313991260,Gainesville,Gainesville CCD,22,Z5,G4040,S,308302382,25218720,+34.2686111,-083.8022368,333.9669176766818,0.1
13,139,91188,01936268,1313991188,0600000US1313991188,Flowery Branch,Flowery Branch CCD,22,Z5,G4040,S,142181628,34574009,+34.1652402,-083.9236686,176.9647415407055,0.1
13,133,91356,01936296,1313391356,0600000US1313391356,Greensboro,Greensboro CCD,22,Z5,G4040,S,285743823,22086562,+33.5229756,-083.1980310,308.5322309173663,0.1
13,233,92568,01936505,1323392568,0600000US1323392568,Rockmart,Rockmart CCD,22,Z5,G4040,S,166760189,1863327,+33.9741901,-085.0717889,168.62065989516688,0.1
